head_0,head_1,head_2,head_3,head_4,head_5,head_6,head_7,head_8,head_9,head_10,head_11,head_12,head_13,head_14,body_0,body_1,body_2,body_3,body_4,body_5,body_6,body_7,body_8,body_9,body_10,body_11,body_12,body_13,body_14,body_15,body_16,body_17,body_18,body_19,body_20,body_21
16777234,35471973,cell_3,132579600,1522478,1,714,255,6615056,cbb81cf63a2e3d47442df45ca2a5523c,5cba29c06294c278e73e9261d04a0fd7,32bb90e8976aab5298d5da10fe66f21d,4294967295,1614223,0,2,1,83908100,1614223,0,0,0,1,,,,199,102400000,512000000,4294967295,0,-122;-124;-112;4,0,83;-1;-1,0,0,1542
16777234,35471974,cell_3,132579600,1522480,1,316,255,6615056,7ee5681f3eb6963bad4fe9bf721247d7,5cba29c06294c278e73e9261d04a0fd7,a3f390d88e4c41f2747bfa2f1b5f87db,4294967295,1342585,0,2,1,738219720,1342585,0,0,0,1,,,,199,30000000,30000000,4294967295,0,-122;116;-121;4,0,-120;-1;-1,105,0,1542
16777234,35471975,cell_4,132579601,1,2,328,255,6615057,fc53de11642735dd2260106c18cb91e7,3cfacd1beeeb00db3c2afc128dc13b7c,c4ca4238a0b923820dcc509a6f75849b,4294967295,1391458,0,2,1,268490503,1391458,0,0,0,2,,,-108;-97;32;109;-108,72,-1,-1,4294967295,0,-1;-1;-1;-1,0,-1;-1;-1,-1,0,1542
16777234,35471976,cell_4,132579601,9,2,146,255,6615056,c2512f3cf4138547de72c8b787c79141,5cba29c06294c278e73e9261d04a0fd7,ad61ab143223efbc24c7d2583be69251,4294967295,1404694,0,2,1,889192892,1404694,0,0,0,1,,,,199,102400000,512000000,4294967295,0,-122;-106;82;5,0,116;-1;-1,1,0,1542
16777234,35471977,cell_4,132579601,11,2,774,255,6615056,3dc1851758941dfa54027275d98047ce,5cba29c06294c278e73e9261d04a0fd7,ea5d2f1c4608232e07d3aa3d998e5135,4294967295,1461076,0,2,1,1224736897,1461076,0,0,0,1,,,,199,110100000,346029000,4294967295,0,53;83;68;8,0,99;-1;-1,68,0,1542
16777234,35471978,cell_3,132579601,39,1,60,255,6615056,848460b5cb87f537c4c809c206d7eecc,5cba29c06294c278e73e9261d04a0fd7,a3f390d88e4c41f2747bfa2f1b5f87db,4294967295,1480151,0,2,1,738200477,1480151,0,0,0,1,,,,199,102400000,512000000,4294967295,0,53;48;86;9,0,37;-1;-1,70,0,1542
16777234,35471979,cell_4,132579601,40,2,322,255,6615056,71b8ae193ed1c8fd00eea3c84a240eb8,5cba29c06294c278e73e9261d04a0fd7,a3f390d88e4c41f2747bfa2f1b5f87db,4294967295,1512557,0,2,1,738197844,1512557,0,0,0,1,,,,199,136314000,555745000,4294967295,0,-122;-123;23;4,0,-123;-1;-1,112,0,1542
16777234,35471980,cell_3,132579601,47,1,765,255,6615056,c99b2e9fd4d4618f6fb9be7c3d5df46c,5cba29c06294c278e73e9261d04a0fd7,7cbbc409ec990f19c78c75bd1e06f215,4294967295,1525628,0,2,1,1442840671,1525628,0,0,0,1,,,,199,31457000,31457000,4294967295,0,-122;69;-125;4,0,54;-1;-1,97,0,1542
16777234,35471981,cell_3,132579601,265,1,947,255,6615056,a3aba0367419b9a92edc61d2ea7c7646,5cba29c06294c278e73e9261d04a0fd7,3295c76acbf4caaed33c36b1b5fc2cb1,4294967295,1535556,0,2,1,637548847,1535556,0,0,0,1,,,,199,102400000,512000000,4294967295,0,53;84;117;121,0,-126;-1;-1,20,0,1542
16777234,35471982,cell_4,132579601,270,2,169,255,6615056,8f843435c469341d2231e20fff816775,5cba29c06294c278e73e9261d04a0fd7,3295c76acbf4caaed33c36b1b5fc2cb1,4294967295,1600051,0,2,1,637554435,1600051,0,0,0,1,,,,199,102400000,512000000,4294967295,0,-122;35;81;6,0,87;-1;-1,99,0,1542
16777234,35471983,cell_3,132579601,271,1,498,255,6615056,aa0f9d6206e9272138415a3d072f180b,5cba29c06294c278e73e9261d04a0fd7,32bb90e8976aab5298d5da10fe66f21d,4294967295,1642449,0,2,1,83892219,1642449,0,0,0,1,,,,199,30000000,30000000,4294967295,0,-122;-104;2;5,0,83;-1;-1,23,0,1542
16777234,35471984,cell_3,132579601,291,1,130,255,6615056,6c6f9b5c33e385ee5375a4e15ecc6565,5cba29c06294c278e73e9261d04a0fd7,a3f390d88e4c41f2747bfa2f1b5f87db,4294967295,1343256,0,2,1,738211719,1343256,0,0,0,1,,,,199,136314000,555745000,4294967295,0,-122;21;-104;5,0,105;-1;-1,1,0,1542
16777234,35471985,cell_3,132579601,297,1,904,255,6615056,8bb80851ae7e5e43f40b3200d01457ce,5cba29c06294c278e73e9261d04a0fd7,ad61ab143223efbc24c7d2583be69251,4294967295,1404988,0,2,1,889202699,1404988,0,0,0,1,,,,199,76800000,307200000,4294967295,0,-122;50;53;6,0,20;-1;-1,8,0,1542
16777234,35471986,cell_3,132579601,301,1,610,255,6615056,5d38ba601833de52e53e64f44c1a5d37,5cba29c06294c278e73e9261d04a0fd7,a3f390d88e4c41f2747bfa2f1b5f87db,4294967295,1429102,0,2,1,738199206,1429102,0,0,0,1,,,,199,102400000,512000000,4294967295,0,53;48;86;9,0,37;-1;-1,70,0,1542
16777234,35471987,cell_3,132579601,305,1,665,255,6615056,056112ae8788204818c9b132de71b949,5cba29c06294c278e73e9261d04a0fd7,ea5d2f1c4608232e07d3aa3d998e5135,4294967295,1453234,0,2,1,1224747990,1453234,0,0,0,1,,,,199,102400000,512000000,4294967295,0,-122;120;82;5,0,87;-1;-1,32,0,1542
16777234,35471988,cell_3,132579601,315,1,868,255,6615056,64894053cf7b04327d497199f81d6cab,5cba29c06294c278e73e9261d04a0fd7,32bb90e8976aab5298d5da10fe66f21d,4294967295,1509296,0,2,1,83903723,1509296,0,0,0,1,,,,199,102400000,512000000,4294967295,0,-122;-124;-112;4,0,83;-1;-1,0,0,1542
16777234,35471989,cell_4,132579601,512,2,578,255,6615056,4931b59cf08ce359f1a00c4e35af97cb,5cba29c06294c278e73e9261d04a0fd7,3295c76acbf4caaed33c36b1b5fc2cb1,4294967295,1511281,0,2,1,637536834,1511281,0,0,0,1,,,,199,110100000,346029000,4294967295,0,53;48;87;9,0,24;-1;-1,68,0,1542
16777234,35471990,cell_4,132579601,542,2,96,255,6615056,6c6d9be20e5a30c105ed136e15ed2faa,5cba29c06294c278e73e9261d04a0fd7,32bb90e8976aab5298d5da10fe66f21d,4294967295,1560268,0,2,1,83889507,1560268,0,0,0,2,,,-67;119;-8;48;-6,72,-1,-1,4294967295,0,-1;-1;-1;-1,0,-1;-1;-1,-1,0,1542
16777234,35471991,cell_3,132579601,544,1,827,255,6615056,e30f2e94531c528cd1c3ec9258bf45f2,5cba29c06294c278e73e9261d04a0fd7,ea5d2f1c4608232e07d3aa3d998e5135,4294967295,1603204,0,2,1,1224747911,1603204,0,0,0,1,,,,199,102400000,512000000,4294967295,0,-122;120;82;5,0,87;-1;-1,32,0,1542
16777234,35471992,cell_4,132579601,550,2,481,255,6615056,805c10b1420c2a3049e482d312d42d7b,5cba29c06294c278e73e9261d04a0fd7,a3f390d88e4c41f2747bfa2f1b5f87db,4294967295,1608808,0,2,1,738208389,1608808,0,0,0,1,,,,199,136314000,555745000,4294967295,0,-122;-123;23;4,0,-123;-1;-1,112,0,1542
16777234,35471993,cell_4,132579601,774,2,701,255,6615056,fe3159f3bfbb451faa51321b86fb565b,5cba29c06294c278e73e9261d04a0fd7,3295c76acbf4caaed33c36b1b5fc2cb1,4294967295,1668766,0,2,1,637540474,1668766,0,0,0,1,,,,199,136314000,555745000,4294967295,0,53;101;-123;16,0,116;-1;-1,49,0,1542
16777234,35471994,cell_4,132579601,778,2,303,255,6615057,44f61067f7212a44dae8659272dc0511,3cfacd1beeeb00db3c2afc128dc13b7c,cfcd208495d565ef66e7dff9f98764da,4294967295,1344325,0,2,1,1795175208,1344325,0,0,0,2,,,-72;47;-2;81;-72,72,-1,-1,4294967295,0,-1;-1;-1;-1,0,-1;-1;-1,-1,0,1542
16777234,35471995,cell_3,132579601,1047,1,264,255,6615056,af59ebaf11d2db5df38e2a4553bc9afa,5cba29c06294c278e73e9261d04a0fd7,a3f390d88e4c41f2747bfa2f1b5f87db,4294967295,1359970,0,2,1,738214740,1359970,0,0,0,1,,,,72,-1,-1,4294967295,0,-1;-1;-1;-1,0,-1;-1;-1,-1,0,1542
16777234,35471996,cell_3,132579601,1050,1,386,255,6615056,ffd648dd8d70ee603ce8a9283a9803b3,5cba29c06294c278e73e9261d04a0fd7,ea5d2f1c4608232e07d3aa3d998e5135,4294967295,1391535,0,2,1,1224752404,1391535,0,0,0,1,,,,199,104857000,524288000,4294967295,0,-122;19;9;4,0,85;-1;-1,70,0,1542
16777234,35471997,cell_4,132579601,1076,2,845,255,6615056,c9d4d54dc4fe5c99bc35686972e39e86,5cba29c06294c278e73e9261d04a0fd7,ea5d2f1c4608232e07d3aa3d998e5135,4294967295,1443830,0,2,1,1224753810,1443830,0,0,0,1,,,,199,100000000,500000000,4294967295,0,-122;121;52;4,0,68;-1;-1,-110,0,1542
16777234,35471998,cell_4,132579601,1289,2,148,255,6615056,2217b5469fa60236aa314b7789ca833a,5cba29c06294c278e73e9261d04a0fd7,ad61ab143223efbc24c7d2583be69251,4294967295,1511544,0,2,1,889208860,1511544,0,0,0,1,,,,199,102400000,512000000,4294967295,0,-122;-106;82;5,0,116;-1;-1,1,0,1542
16777234,35471999,cell_3,132579601,1308,1,522,255,6615056,6b108631e047431c69bd5f4c546a8187,5cba29c06294c278e73e9261d04a0fd7,a3f390d88e4c41f2747bfa2f1b5f87db,4294967295,1530884,0,2,1,738211208,1530884,0,0,0,1,,,,199,30000000,30000000,4294967295,0,53;103;52;17,0,86;-1;-1,35,0,1542
16777234,35472000,cell_3,132579601,1312,1,903,255,6615056,6b0359d438c63af6459e0540dfef42fc,5cba29c06294c278e73e9261d04a0fd7,a3f390d88e4c41f2747bfa2f1b5f87db,4294967295,1569245,0,2,1,738203738,1569245,0,0,0,1,,,,72,-1,-1,4294967295,0,-1;-1;-1;-1,0,-1;-1;-1,-1,0,1542
16777234,35472001,cell_4,132579601,1335,2,486,255,6615056,fb93c9abdd545b1ef7a8ac8a838fade4,5cba29c06294c278e73e9261d04a0fd7,3295c76acbf4caaed33c36b1b5fc2cb1,4294967295,1675873,0,2,1,637542151,1675873,0,0,0,1,,,,199,78643000,314572000,4294967295,0,-122;87;99;3,0,98;-1;-1,40,0,1542
16777234,35472002,cell_4,132579601,1539,2,645,255,6615056,6984701bf752bf433feec5b8db3ac18e,5cba29c06294c278e73e9261d04a0fd7,3295c76acbf4caaed33c36b1b5fc2cb1,4294967295,1342395,0,2,1,637541107,1342395,0,0,0,1,,,,199,108643000,344572000,4294967295,0,-122;22;97;4,0,84;-1;-1,18,0,1542
16777234,35472003,cell_4,132579601,1547,2,498,255,6615056,6cefe68e7ce9c9b54996bc3e8e805b40,5cba29c06294c278e73e9261d04a0fd7,7cbbc409ec990f19c78c75bd1e06f215,4294967295,1370457,0,2,1,1442847123,1370457,0,0,0,1,,,,199,110100000,346029000,4294967295,0,-122;-109;32;3,0,89;-1;-1,39,0,1542
16777234,35472004,cell_4,132579601,1576,2,53,255,6615056,13a8ffbb78e5f630bd93c1b61957094f,5cba29c06294c278e73e9261d04a0fd7,3295c76acbf4caaed33c36b1b5fc2cb1,4294967295,1415792,0,2,1,637541708,1415792,0,0,0,1,,,,199,76800000,307200000,4294967295,0,-122;35;114;5,0,118;-1;-1,82,0,1542
16777234,35472005,cell_3,132579601,1591,1,287,255,6615056,e4a911d045a81111ccec57a002355e16,5cba29c06294c278e73e9261d04a0fd7,a3f390d88e4c41f2747bfa2f1b5f87db,4294967295,1443948,0,2,1,738209011,1443948,0,0,0,1,,,,72,-1,-1,4294967295,0,-1;-1;-1;-1,0,-1;-1;-1,-1,0,1542
16777234,35472006,cell_3,132579601,1595,1,973,255,6615056,88ed207e8c8b7465b3a3f608cf892ffb,5cba29c06294c278e73e9261d04a0fd7,ad61ab143223efbc24c7d2583be69251,4294967295,1510715,0,2,1,889203503,1510715,0,0,0,1,,,,69,-1,-1,4294967295,0,-1;-1;-1;-1,0,-1;-1;-1,-1,0,1542
16777234,35472007,cell_4,132579601,1804,2,675,255,6615057,fdf78e1a4477d383cec069f506f261fb,3cfacd1beeeb00db3c2afc128dc13b7c,c4ca4238a0b923820dcc509a6f75849b,4294967295,1537317,0,2,1,268515746,1537317,0,0,0,1,,,,199,100000000,500000000,4294967295,0,-122;116;51;5,0,116;-1;-1,102,0,1542
16777234,35472008,cell_3,132579601,1805,1,358,255,6615056,99b4c5191f99c81d5d62f981bcbeddb5,5cba29c06294c278e73e9261d04a0fd7,ad61ab143223efbc24c7d2583be69251,4294967295,1557695,0,2,1,889210349,1557695,0,0,0,1,,,,199,76800000,307200000,4294967295,0,-122;50;53;6,0,20;-1;-1,8,0,1542
16777234,35472009,cell_3,132579601,1828,1,2,255,6615056,a3732869b8c1cb7f8be8a4540b564979,5cba29c06294c278e73e9261d04a0fd7,3295c76acbf4caaed33c36b1b5fc2cb1,4294967295,1654766,0,2,1,637549882,1654766,0,0,0,1,,,,199,110100000,346029000,4294967295,0,-122;81;98;3,0,48;-1;-1,1,0,1542
16777234,35472010,cell_4,132579601,1845,2,821,255,6615056,103bf41ce22a747b31366a9f8c50f721,5cba29c06294c278e73e9261d04a0fd7,ea5d2f1c4608232e07d3aa3d998e5135,4294967295,1342742,0,2,1,1224744032,1342742,0,0,0,1,,,,199,110100000,346029000,4294967295,0,-122;22;97;4,0,84;-1;-1,18,0,1542
16777234,35472011,cell_4,132579601,1847,2,156,255,6615056,7814944efa7f9283e9c6e91a027b1741,5cba29c06294c278e73e9261d04a0fd7,32bb90e8976aab5298d5da10fe66f21d,4294967295,1399536,0,2,1,83890404,1399536,0,0,0,1,,,,199,78643000,314572000,4294967295,0,-122;-107;-111;4,0,20;-1;-1,117,0,1542
16777234,35472012,cell_3,132579601,1850,1,393,255,6615056,51644b58caac2c04553f2d7bed8e9898,5cba29c06294c278e73e9261d04a0fd7,ad61ab143223efbc24c7d2583be69251,4294967295,1413442,0,2,1,889198832,1413442,0,0,0,1,,,,199,76800000,307200000,4294967295,0,-122;50;53;6,0,20;-1;-1,8,0,1542
16777234,35472013,cell_4,132579601,2049,2,606,255,6615056,ebf22575618e5ae9277d0de60131161a,5cba29c06294c278e73e9261d04a0fd7,3295c76acbf4caaed33c36b1b5fc2cb1,4294967295,1419544,0,2,1,637534846,1419544,0,0,0,1,,,,72,-1,-1,4294967295,0,-1;-1;-1;-1,0,-1;-1;-1,-1,0,1542
16777234,35472014,cell_4,132579601,2058,2,304,255,6615056,df56819a5321575bbbd72b09fb6b8ec7,5cba29c06294c278e73e9261d04a0fd7,ad61ab143223efbc24c7d2583be69251,4294967295,1467437,0,2,1,889208437,1467437,0,0,0,1,,,,199,102400000,512000000,4294967295,0,-122;-106;82;5,0,116;-1;-1,1,0,1542
16777234,35472015,cell_4,132579601,2065,2,690,255,6615056,f3a98250072f69988a96869090c692b9,5cba29c06294c278e73e9261d04a0fd7,3295c76acbf4caaed33c36b1b5fc2cb1,4294967295,1486855,0,2,1,637550996,1486855,0,0,0,1,,,,199,78643000,314572000,4294967295,0,53;-110;69;6,0,119;-1;-1,66,0,1542
16777234,35472016,cell_4,132579601,2088,2,74,255,6615056,7b40dccb7b4d42bd421b93dd7529e352,5cba29c06294c278e73e9261d04a0fd7,7cbbc409ec990f19c78c75bd1e06f215,4294967295,1548706,0,2,1,1442861841,1548706,0,0,0,1,,,,199,110100000,346029000,4294967295,0,-122;-109;32;3,0,89;-1;-1,39,0,1542
16777234,35472017,cell_4,132579601,2106,2,471,255,6615056,93d97d02d05ee84e021b6d8d75ee1890,5cba29c06294c278e73e9261d04a0fd7,ad61ab143223efbc24c7d2583be69251,4294967295,1573571,0,2,1,889202072,1573571,0,0,0,1,,,,199,38829000,38829000,4294967295,0,-122;70;85;4,0,34;-1;-1,-112,0,1542
16777234,35472018,cell_4,132579601,2107,2,84,255,6615056,3747d5f326eaa8b1f4b139484fa85d10,5cba29c06294c278e73e9261d04a0fd7,3295c76acbf4caaed33c36b1b5fc2cb1,4294967295,1628852,0,2,1,637556577,1628852,0,0,0,1,,,,199,102400000,512000000,4294967295,0,-122;35;81;6,0,87;-1;-1,99,0,1542
16777234,35472019,cell_4,132579601,2345,2,814,255,6615057,e806465045995a28889b874e64ca9379,3cfacd1beeeb00db3c2afc128dc13b7c,cfcd208495d565ef66e7dff9f98764da,4294967295,1658876,0,2,1,1795175036,1658876,0,0,0,1,,,,199,100000000,500000000,4294967295,0,53;101;-121;16,0,96;-1;-1,34,0,1542
16777234,38875063,cell_3,132579600,1522454,1,133,255,6615056,34d781979b5be9e2b9e52e7e3e1df255,5cba29c06294c278e73e9261d04a0fd7,a3f390d88e4c41f2747bfa2f1b5f87db,4294967295,742862,0,2,1,738205816,742862,0,0,0,1,,,,72,-1,-1,4294967295,0,-1;-1;-1;-1,0,-1;-1;-1,-1,0,1542
16777234,38875064,cell_3,132579600,1522465,1,260,255,6615056,1173308f8d9516c4435a1bd091d97bbb,5cba29c06294c278e73e9261d04a0fd7,ad61ab143223efbc24c7d2583be69251,4294967295,785827,0,2,1,889200457,785827,0,0,0,1,,,,199,76800000,307200000,4294967295,0,-122;-104;2;5,0,-119;-1;-1,112,0,1542
16777234,38875065,cell_3,132579600,1522471,1,142,255,6615056,4e855fa29e0fd0c115f156bc36516115,5cba29c06294c278e73e9261d04a0fd7,7cbbc409ec990f19c78c75bd1e06f215,4294967295,822118,0,2,1,1442846917,822118,0,0,0,1,,,,199,102400000,512000000,4294967295,0,53;-123;32;8,0,-120;-1;-1,57,0,1542
16777234,38875066,cell_4,132579600,1522471,2,612,255,6615056,418bda83e6c3b6f273ec0cd5fc2bb59b,5cba29c06294c278e73e9261d04a0fd7,a3f390d88e4c41f2747bfa2f1b5f87db,4294967295,886725,0,2,1,738209599,886725,0,0,0,1,,,,199,136314000,555745000,4294967295,0,-122;-123;80;3,0,22;-1;-1,121,0,1542
16777234,38875067,cell_3,132579600,1522486,1,815,255,6615056,92022c1b05e99967ae8c83ae42e0c7e1,5cba29c06294c278e73e9261d04a0fd7,ea5d2f1c4608232e07d3aa3d998e5135,4294967295,912303,0,2,1,1224748091,912303,0,0,0,1,,,,199,102400000,512000000,4294967295,0,53;103;55;17,0,-104;-1;-1,34,0,1542
16777234,38875068,cell_4,132579600,1522488,2,91,255,6615056,bd6ea6824152d215080ab1c6cbd26808,5cba29c06294c278e73e9261d04a0fd7,3295c76acbf4caaed33c36b1b5fc2cb1,4294967295,985309,0,2,1,637552121,985309,0,0,0,1,,,,199,102400000,512000000,4294967295,0,-122;35;81;6,0,87;-1;-1,99,0,1542
16777234,38875069,cell_4,132579601,29,2,435,255,6615056,9633b1c68a7ac53f28730ef0f977c78d,5cba29c06294c278e73e9261d04a0fd7,3295c76acbf4caaed33c36b1b5fc2cb1,4294967295,991986,0,2,1,637538385,991986,0,0,0,1,,,,199,102400000,512000000,4294967295,0,-122;35;81;6,0,87;-1;-1,99,0,1542
16777234,38875070,cell_4,132579601,37,2,483,255,6615056,b84bd63beb82dd46c9c535f7b5514c03,5cba29c06294c278e73e9261d04a0fd7,ad61ab143223efbc24c7d2583be69251,4294967295,1000862,0,2,1,889198011,1000862,0,0,0,1,,,,199,110100000,346029000,4294967295,0,-122;9;33;4,0,67;-1;-1,0,0,1542
16777234,38875071,cell_3,132579601,37,1,741,255,6615056,e275476de08c1e31720c290008745606,5cba29c06294c278e73e9261d04a0fd7,32bb90e8976aab5298d5da10fe66f21d,4294967295,672263,0,2,1,83907075,672263,0,0,0,2,,,-114;27;22;26;-105,72,-1,-1,4294967295,0,-1;-1;-1;-1,0,-1;-1;-1,-1,0,1542
16777234,38875072,cell_3,132579601,45,1,274,255,6615056,699e09df0ed52a2d702c3bc9668e58db,5cba29c06294c278e73e9261d04a0fd7,ad61ab143223efbc24c7d2583be69251,4294967295,736269,0,2,1,889203190,736269,0,0,0,1,,,,199,76800000,307200000,4294967295,0,-122;-104;2;5,0,-119;-1;-1,112,0,1542
16777234,38875073,cell_4,132579601,45,2,940,255,6615056,4c24a97275798a4d2dfc90ebd866a85b,5cba29c06294c278e73e9261d04a0fd7,3295c76acbf4caaed33c36b1b5fc2cb1,4294967295,782764,0,2,1,637556694,782764,0,0,0,1,,,,199,110100000,346029000,4294967295,0,53;48;87;9,0,24;-1;-1,68,0,1542
16777234,38875074,cell_3,132579601,50,1,928,255,6615056,78e5ab03f8abec64f91004d7d501a35e,5cba29c06294c278e73e9261d04a0fd7,7cbbc409ec990f19c78c75bd1e06f215,4294967295,814115,0,2,1,1442844175,814115,0,0,0,1,,,,199,102400000,512000000,4294967295,0,53;-123;32;8,0,-120;-1;-1,57,0,1542
16777234,38875075,cell_4,132579601,275,2,392,255,6615056,f2526d409c4da0f1b25dd3310217b291,5cba29c06294c278e73e9261d04a0fd7,3295c76acbf4caaed33c36b1b5fc2cb1,4294967295,821089,0,2,1,637542089,821089,0,0,0,1,,,,72,-1,-1,4294967295,0,-1;-1;-1;-1,0,-1;-1;-1,-1,0,1542
16777234,38875076,cell_3,132579601,278,1,724,255,6615056,8425d34ae9e7556142b41b4c5df7c168,5cba29c06294c278e73e9261d04a0fd7,32bb90e8976aab5298d5da10fe66f21d,4294967295,893262,0,2,1,83898260,893262,0,0,0,1,,,,199,102400000,512000000,4294967295,0,-122;-124;-112;4,0,83;-1;-1,0,0,1542
16777234,38875077,cell_3,132579601,285,1,737,255,6615057,f6527b293a610a83358d00fc357642fe,3cfacd1beeeb00db3c2afc128dc13b7c,c4ca4238a0b923820dcc509a6f75849b,4294967295,963216,0,2,1,268501943,963216,0,0,0,1,,,,199,100000000,500000000,4294967295,0,53;41;117;17,0,121;-1;-1,17,0,1542
16777234,38875078,cell_3,132579601,301,1,290,255,6615056,09ef41ca733845cbd1aeab6aaec77b17,5cba29c06294c278e73e9261d04a0fd7,ea5d2f1c4608232e07d3aa3d998e5135,4294967295,671933,0,2,1,1224750798,671933,0,0,0,2,,,42;-23;4;83;42,72,-1,-1,4294967295,0,-1;-1;-1;-1,0,-1;-1;-1,-1,0,1542
16777234,38875079,cell_3,132579601,305,1,355,255,6615056,1d31fa14827df21ddb4f3db1b925c67a,5cba29c06294c278e73e9261d04a0fd7,7cbbc409ec990f19c78c75bd1e06f215,4294967295,721431,0,2,1,1442858673,721431,0,0,0,1,,,,199,102400000,512000000,4294967295,0,-122;-112;73;6,0,89;-1;-1,0,0,1542
16777234,38875080,cell_4,132579601,307,2,467,255,6615056,85be36147362d34d4780120f40fefaea,5cba29c06294c278e73e9261d04a0fd7,a3f390d88e4c41f2747bfa2f1b5f87db,4294967295,771216,0,2,1,738202879,771216,0,0,0,1,,,,199,136314000,555745000,4294967295,0,53;56;-104;16,0,65;-1;-1,39,0,1542
16777234,38875081,cell_3,132579601,311,1,295,255,6615056,3f0d4b32aa51d4636268eb0453b6fa97,5cba29c06294c278e73e9261d04a0fd7,a3f390d88e4c41f2747bfa2f1b5f87db,4294967295,803446,0,2,1,738216230,803446,0,0,0,1,,,,72,-1,-1,4294967295,0,-1;-1;-1;-1,0,-1;-1;-1,-1,0,1542
16777234,38875082,cell_4,132579601,314,2,31,255,6615056,22418038dfb41707d9a652b33e5e6241,5cba29c06294c278e73e9261d04a0fd7,32bb90e8976aab5298d5da10fe66f21d,4294967295,898552,0,2,1,83886872,898552,0,0,0,1,,,,199,78643000,314572000,4294967295,0,-122;-107;-111;4,0,20;-1;-1,117,0,1542
16777234,38875083,cell_4,132579601,314,2,743,255,6615056,b5aa87fe1be862800ee6a6931c2eebf2,5cba29c06294c278e73e9261d04a0fd7,7cbbc409ec990f19c78c75bd1e06f215,4294967295,950297,0,2,1,1442848992,950297,0,0,0,1,,,,199,76800000,307200000,4294967295,0,-122;118;118;4,0,-125;-1;-1,117,0,1542
16777234,38875084,cell_3,132579601,315,1,928,255,6615056,558a0f2327fba4d16559d510ae07c9af,5cba29c06294c278e73e9261d04a0fd7,3295c76acbf4caaed33c36b1b5fc2cb1,4294967295,1001658,0,2,1,637551023,1001658,0,0,0,1,,,,199,110100000,346029000,4294967295,0,-122;87;-121;4,0,7;-1;-1,0,0,1542
16777234,38875085,cell_3,132579601,530,1,767,255,6615056,10388843a7fadb8a1851611bacb2630f,5cba29c06294c278e73e9261d04a0fd7,a3f390d88e4c41f2747bfa2f1b5f87db,4294967295,672199,0,2,1,738208984,672199,0,0,0,1,,,,72,-1,-1,4294967295,0,-1;-1;-1;-1,0,-1;-1;-1,-1,0,1542
16777234,38875086,cell_4,132579601,531,2,547,255,6615056,80a2525807e632bb11bef4978400216d,5cba29c06294c278e73e9261d04a0fd7,a3f390d88e4c41f2747bfa2f1b5f87db,4294967295,714560,0,2,1,738210566,714560,0,0,0,1,,,,199,136314000,555745000,4294967295,0,-122;-123;80;3,0,22;-1;-1,121,0,1542
16777234,38875087,cell_3,132579601,534,1,469,255,6615056,2856e2cefd058ec73367990843ab51b5,5cba29c06294c278e73e9261d04a0fd7,ad61ab143223efbc24c7d2583be69251,4294967295,763616,0,2,1,889213594,763616,0,0,0,1,,,,199,76800000,307200000,4294967295,0,-122;-104;2;5,0,-119;-1;-1,112,0,1542
16777234,38875088,cell_4,132579601,534,2,912,255,6615056,926bc0ffe79a240001239b23b34623e1,5cba29c06294c278e73e9261d04a0fd7,a3f390d88e4c41f2747bfa2f1b5f87db,4294967295,784251,0,2,1,738200259,784251,0,0,0,1,,,,199,136314000,555745000,4294967295,0,53;56;-104;16,0,65;-1;-1,39,0,1542
16777234,38875089,cell_4,132579601,559,2,991,255,6615056,58f7099b06e19612a8e089f832d91f5c,5cba29c06294c278e73e9261d04a0fd7,ad61ab143223efbc24c7d2583be69251,4294967295,830198,0,2,1,889198496,830198,0,0,0,1,,,,199,38829000,38829000,4294967295,0,-122;70;85;4,0,34;-1;-1,-112,0,1542
16777234,38875090,cell_4,132579601,561,2,448,255,6615056,7fbaf7f16a1c0bb320c7c93387f5bdbc,5cba29c06294c278e73e9261d04a0fd7,3295c76acbf4caaed33c36b1b5fc2cb1,4294967295,901524,0,2,1,637555342,901524,0,0,0,1,,,,199,78643000,314572000,4294967295,0,-122;87;99;3,0,98;-1;-1,40,0,1542
16777234,38875091,cell_3,132579601,562,1,603,255,6615056,e6bdb608bc6712014239744ac9ef369d,5cba29c06294c278e73e9261d04a0fd7,a3f390d88e4c41f2747bfa2f1b5f87db,4294967295,965725,0,2,1,738214365,965725,0,0,0,1,,,,199,136314000,555745000,4294967295,0,-122;33;32;4,0,86;-1;-1,104,0,1542
16777234,38875092,cell_3,132579601,786,1,818,255,6615056,d76ed2f9a25b809225a903c7a9419889,5cba29c06294c278e73e9261d04a0fd7,3295c76acbf4caaed33c36b1b5fc2cb1,4294967295,1004270,0,2,1,637547690,1004270,0,0,0,1,,,,199,102400000,512000000,4294967295,0,-122;82;35;4,0,-108;-1;-1,112,0,1542
16777234,38875093,cell_3,132579601,800,1,324,255,6615057,a6e9583b6c13aec3f208279ab925a22e,3cfacd1beeeb00db3c2afc128dc13b7c,cfcd208495d565ef66e7dff9f98764da,4294967295,671350,0,2,1,1795167025,671350,0,0,0,1,,,,72,-1,-1,4294967295,0,-1;-1;-1;-1,0,-1;-1;-1,-1,0,1542
16777234,38875094,cell_3,132579601,814,1,527,255,6615056,27d46223c1eee5c075583bcf3ce0eef6,5cba29c06294c278e73e9261d04a0fd7,ea5d2f1c4608232e07d3aa3d998e5135,4294967295,771914,0,2,1,1224737891,771914,0,0,0,2,,,37;-37;33;63;37,72,-1,-1,4294967295,0,-1;-1;-1;-1,0,-1;-1;-1,-1,0,1542
16777234,38875095,cell_3,132579601,821,1,245,255,6615056,904e77ad8f2c5612c17739dee8a867f5,5cba29c06294c278e73e9261d04a0fd7,7cbbc409ec990f19c78c75bd1e06f215,4294967295,828973,0,2,1,1442848428,828973,0,0,0,1,,,,199,30000000,30000000,4294967295,0,-122;-104;2;5,0,83;-1;-1,23,0,1542
16777234,38875096,cell_3,132579601,1025,1,14,255,6615056,e3b74a407b84938b0bd13b7334afee76,5cba29c06294c278e73e9261d04a0fd7,7cbbc409ec990f19c78c75bd1e06f215,4294967295,879285,0,2,1,1442844386,879285,0,0,0,1,,,,199,102400000,512000000,4294967295,0,-122;-112;73;6,0,89;-1;-1,0,0,1542
16777234,38875097,cell_3,132579601,1044,1,378,255,6615056,56e7519e3a7899ab39e0c11e6b0d70af,5cba29c06294c278e73e9261d04a0fd7,a3f390d88e4c41f2747bfa2f1b5f87db,4294967295,916253,0,2,1,738207456,916253,0,0,0,1,,,,199,50000000,150000000,4294967295,0,-122;39;16;5,0,72;-1;-1,0,0,1542
16777234,38875098,cell_4,132579601,1045,2,39,255,6615056,a6788eee8c499dca94ac11c4d027a00d,5cba29c06294c278e73e9261d04a0fd7,ad61ab143223efbc24c7d2583be69251,4294967295,977157,0,2,1,889210269,977157,0,0,0,1,,,,199,136314000,555745000,4294967295,0,-122;82;35;4,0,33;-1;-1,112,0,1542
16777234,38875099,cell_3,132579601,1071,1,752,255,6615056,0e94c43737058eada7d4eee07971ed7f,5cba29c06294c278e73e9261d04a0fd7,7cbbc409ec990f19c78c75bd1e06f215,4294967295,671692,0,2,1,1442843516,671692,0,0,0,1,,,,199,102400000,512000000,4294967295,0,-122;-112;73;6,0,89;-1;-1,0,0,1542
16777234,38875100,cell_3,132579601,1074,1,297,255,6615056,0813c7f34a5cca3eb9c3e6371e3043f0,5cba29c06294c278e73e9261d04a0fd7,32bb90e8976aab5298d5da10fe66f21d,4294967295,737169,0,2,1,83886910,737169,0,0,0,1,,,,199,134857000,554288000,4294967295,0,-122;16;117;5,0,2;-1;-1,116,0,1542
16777234,38875101,cell_3,132579601,1081,1,703,255,6615056,f37d063c0731fe472414fd0f7c338893,5cba29c06294c278e73e9261d04a0fd7,ad61ab143223efbc24c7d2583be69251,4294967295,752187,0,2,1,889199104,752187,0,0,0,1,,,,199,136314000,555745000,4294967295,0,-122;99;40;4,0,121;-1;-1,116,0,1542
16777234,38875102,cell_3,132579601,1307,1,346,255,6615056,86f097c4350c69fb68ce95cd1c782717,5cba29c06294c278e73e9261d04a0fd7,ea5d2f1c4608232e07d3aa3d998e5135,4294967295,755269,0,2,1,1224748503,755269,0,0,0,1,,,,199,104857000,524288000,4294967295,0,-122;19;9;4,0,85;-1;-1,70,0,1542
16777234,38875103,cell_3,132579601,1308,1,162,255,6615056,c6ee05be4971d222ef2977c7d0c6cd5d,5cba29c06294c278e73e9261d04a0fd7,32bb90e8976aab5298d5da10fe66f21d,4294967295,765178,0,2,1,83907504,765178,0,0,0,2,,,102;-71;-109;-12;100,72,-1,-1,4294967295,0,-1;-1;-1;-1,0,-1;-1;-1,-1,0,1542
16777234,38875104,cell_4,132579601,1309,2,227,255,6615056,98d7556933f9b547ccf3d99ee417b81b,5cba29c06294c278e73e9261d04a0fd7,3295c76acbf4caaed33c36b1b5fc2cb1,4294967295,794627,0,2,1,637555068,794627,0,0,0,1,,,,199,136314000,555745000,4294967295,0,53;101;-123;16,0,116;-1;-1,49,0,1542
16777234,38875105,cell_3,132579601,1309,1,228,255,6615056,1286cf1aea5ea3ba02f9025a1eef9c2e,5cba29c06294c278e73e9261d04a0fd7,a3f390d88e4c41f2747bfa2f1b5f87db,4294967295,828286,0,2,1,738205688,828286,0,0,0,2,,,-106;104;-23;10;-66,72,-1,-1,4294967295,0,-1;-1;-1;-1,0,-1;-1;-1,-1,0,1542
16777234,38875106,cell_3,132579601,1333,1,846,255,6615056,912aaa4e7c72381de4b1c07c5189d3dc,5cba29c06294c278e73e9261d04a0fd7,7cbbc409ec990f19c78c75bd1e06f215,4294967295,876121,0,2,1,1442845791,876121,0,0,0,1,,,,199,102400000,512000000,4294967295,0,-122;-112;73;6,0,89;-1;-1,0,0,1542
16777234,38875107,cell_4,132579601,1334,2,996,255,6615056,57e6ed3b4e3b8b44029cc62f31d20cb1,5cba29c06294c278e73e9261d04a0fd7,3295c76acbf4caaed33c36b1b5fc2cb1,4294967295,914927,0,2,1,637550762,914927,0,0,0,1,,,,199,50000000,150000000,4294967295,0,-122;81;113;5,0,6;-1;-1,0,0,1542
16777234,38875108,cell_4,132579601,1336,2,639,255,6615056,2545e64f282644f2dd85310d16023286,5cba29c06294c278e73e9261d04a0fd7,ea5d2f1c4608232e07d3aa3d998e5135,4294967295,941875,0,2,1,1224756449,941875,0,0,0,1,,,,199,110100000,346029000,4294967295,0,-122;22;97;4,0,84;-1;-1,18,0,1542
16777234,38875109,cell_4,132579601,1539,2,105,255,6615056,0f61c7d8344b3236a2c7c72ca2272583,5cba29c06294c278e73e9261d04a0fd7,ad61ab143223efbc24c7d2583be69251,4294967295,994768,0,2,1,889197877,994768,0,0,0,1,,,,199,38829000,38829000,4294967295,0,-122;70;85;4,0,34;-1;-1,-112,0,1542
16777234,38875110,cell_3,132579601,1540,1,335,255,6615056,9c030de3d30af132983730ecb5e1abfe,5cba29c06294c278e73e9261d04a0fd7,32bb90e8976aab5298d5da10fe66f21d,4294967295,672629,0,2,1,83905132,672629,0,0,0,1,,,,199,102400000,512000000,4294967295,0,-122;-124;-112;4,0,83;-1;-1,0,0,1542
16777234,38875111,cell_3,132579601,1574,1,741,255,6615056,242e2731b227eb6ec5d6241316fe1138,5cba29c06294c278e73e9261d04a0fd7,ea5d2f1c4608232e07d3aa3d998e5135,4294967295,718667,0,2,1,1224755775,718667,0,0,0,1,,,,199,102400000,512000000,4294967295,0,53;103;55;17,0,-104;-1;-1,34,0,1542
16777234,38875112,cell_4,132579601,1580,2,295,255,6615056,201790af9c78c1d54af811bae45547bc,5cba29c06294c278e73e9261d04a0fd7,ad61ab143223efbc24c7d2583be69251,4294967295,786682,0,2,1,889209765,786682,0,0,0,1,,,,199,110100000,346029000,4294967295,0,-122;9;33;4,0,67;-1;-1,0,0,1542
16777234,38875113,cell_4,132579601,1589,2,379,255,6615056,bb784728496ce173ec132c26e5b5d50a,5cba29c06294c278e73e9261d04a0fd7,ea5d2f1c4608232e07d3aa3d998e5135,4294967295,840514,0,2,1,1224755155,840514,0,0,0,1,,,,199,100000000,500000000,4294967295,0,-122;121;52;4,0,68;-1;-1,-110,0,1542
16777234,38875114,cell_3,132579601,1589,1,539,255,6615056,c210da6cb3565fa5edb51b0b6e34671d,5cba29c06294c278e73e9261d04a0fd7,a3f390d88e4c41f2747bfa2f1b5f87db,4294967295,862456,0,2,1,738197818,862456,0,0,0,1,,,,199,50000000,150000000,4294967295,0,-122;39;16;5,0,72;-1;-1,0,0,1542
16777234,38875115,cell_3,132579601,1792,1,143,255,6615056,30041c739c4a346bf34ef4b850007dad,5cba29c06294c278e73e9261d04a0fd7,32bb90e8976aab5298d5da10fe66f21d,4294967295,920979,0,2,1,83895083,920979,0,0,0,1,,,,199,102400000,512000000,4294967295,0,-122;-124;-112;4,0,83;-1;-1,0,0,1542
16777234,38875116,cell_4,132579601,1804,2,685,255,6615056,c64ed773841104d2e1e062755fc774b0,5cba29c06294c278e73e9261d04a0fd7,7cbbc409ec990f19c78c75bd1e06f215,4294967295,974235,0,2,1,1442853643,974235,0,0,0,2,,,-36;-54;-126;66;-36,72,-1,-1,4294967295,0,-1;-1;-1;-1,0,-1;-1;-1,-1,0,1542
16777234,38875117,cell_3,132579601,1809,1,120,255,6615056,11d387540dd7cff6b0d4fe9bb1b78755,5cba29c06294c278e73e9261d04a0fd7,a3f390d88e4c41f2747bfa2f1b5f87db,4294967295,672249,0,2,1,738205439,672249,0,0,0,1,,,,199,50000000,150000000,4294967295,0,-122;39;16;5,0,72;-1;-1,0,0,1542
16777234,38875118,cell_3,132579601,1819,1,973,255,6615056,c295c516eac37620ee1e1a40bb05f9c2,5cba29c06294c278e73e9261d04a0fd7,ea5d2f1c4608232e07d3aa3d998e5135,4294967295,741173,0,2,1,1224743944,741173,0,0,0,1,,,,199,108643000,344572000,4294967295,0,-122;-107;115;3,0,72;-1;-1,117,0,1542
16777234,38875119,cell_4,132579601,1823,2,838,255,6615056,e8f1be3aab0fcd3dd3c34e1eb2b38c73,5cba29c06294c278e73e9261d04a0fd7,ad61ab143223efbc24c7d2583be69251,4294967295,756449,0,2,1,889210238,756449,0,0,0,1,,,,199,31457000,31457000,4294967295,0,-122;6;104;5,0,48;-1;-1,-112,0,1542
16777234,38875120,cell_4,132579601,1830,2,481,255,6615056,b66562bf51418989037368fb5acc7153,5cba29c06294c278e73e9261d04a0fd7,a3f390d88e4c41f2747bfa2f1b5f87db,4294967295,779281,0,2,1,738209960,779281,0,0,0,1,,,,199,136314000,555745000,4294967295,0,-122;20;1;4,0,-120;-1;-1,9,0,1542
16777234,38875121,cell_4,132579601,1839,2,937,255,6615056,1936ac56f8ff7b4c5200e973d49efcc8,5cba29c06294c278e73e9261d04a0fd7,ad61ab143223efbc24c7d2583be69251,4294967295,809156,0,2,1,889199940,809156,0,0,0,1,,,,199,38829000,38829000,4294967295,0,-122;70;85;4,0,34;-1;-1,-112,0,1542
16777234,38875122,cell_3,132579601,1840,1,961,255,6615056,13a674d8e4433f4e004b047b614ac0c1,5cba29c06294c278e73e9261d04a0fd7,ea5d2f1c4608232e07d3aa3d998e5135,4294967295,845471,0,2,1,1224745850,845471,0,0,0,1,,,,199,136314000,555745000,4294967295,0,-122;-124;37;4,0,33;-1;-1,112,0,1542
16777234,38875123,cell_4,132579601,2049,2,334,255,6615056,dadf72a11e4bbf2d1229fdeb0559a2d0,5cba29c06294c278e73e9261d04a0fd7,ea5d2f1c4608232e07d3aa3d998e5135,4294967295,910374,0,2,1,1224757604,910374,0,0,0,1,,,,72,-1,-1,4294967295,0,-1;-1;-1;-1,0,-1;-1;-1,-1,0,1542
16777234,38875124,cell_3,132579601,2062,1,466,255,6615056,6f1add7b5d806131e4035941eb9b8493,5cba29c06294c278e73e9261d04a0fd7,ad61ab143223efbc24c7d2583be69251,4294967295,957865,0,2,1,889204665,957865,0,0,0,1,,,,199,76800000,307200000,4294967295,0,-122;-104;2;5,0,-119;-1;-1,112,0,1542
16777234,38875125,cell_4,132579601,2062,2,921,255,6615056,1dad044fbb2cb39c76084fc860531525,5cba29c06294c278e73e9261d04a0fd7,ad61ab143223efbc24c7d2583be69251,4294967295,982549,0,2,1,889199619,982549,0,0,0,2,,,51;-50;86;-40;-100,72,-1,-1,4294967295,0,-1;-1;-1;-1,0,-1;-1;-1,-1,0,1542
16777234,38875126,cell_3,132579601,2085,1,591,255,6615056,e1874f5f421ad8b9159544b994b797af,5cba29c06294c278e73e9261d04a0fd7,32bb90e8976aab5298d5da10fe66f21d,4294967295,672902,0,2,1,83902763,672902,0,0,0,1,,,,199,102400000,512000000,4294967295,0,53;103;55;17,0,50;-1;-1,24,0,1542
16777234,38875127,cell_3,132579601,2096,1,769,255,6615057,3c5c4af59798256d7e05361269ac22d1,3cfacd1beeeb00db3c2afc128dc13b7c,c4ca4238a0b923820dcc509a6f75849b,4294967295,678000,0,2,1,268496740,678000,0,0,0,1,,,,199,100000000,500000000,4294967295,0,53;41;117;17,0,121;-1;-1,17,0,1542
16777234,38875128,cell_3,132579601,2319,1,272,255,6615056,38f385a7d183b5de94d57e66a826f2af,5cba29c06294c278e73e9261d04a0fd7,ad61ab143223efbc24c7d2583be69251,4294967295,679546,0,2,1,889206461,679546,0,0,0,1,,,,199,76800000,307200000,4294967295,0,-122;-104;2;5,0,-119;-1;-1,112,0,1542
16777234,38875129,cell_4,132579601,2325,2,254,255,6615056,9330ba114b6b4555bda4019b9bf0836a,5cba29c06294c278e73e9261d04a0fd7,ad61ab143223efbc24c7d2583be69251,4294967295,713011,0,2,1,889197828,713011,0,0,0,1,,,,199,136314000,555745000,4294967295,0,-122;82;35;4,0,33;-1;-1,112,0,1542
16777234,38875130,cell_3,132579601,2325,1,710,255,6615056,fd6df38e784771a0b10c790093ccf3e8,5cba29c06294c278e73e9261d04a0fd7,a3f390d88e4c41f2747bfa2f1b5f87db,4294967295,746296,0,2,1,738201740,746296,0,0,0,1,,,,199,50000000,150000000,4294967295,0,-122;39;16;5,0,72;-1;-1,0,0,1542
16777234,38875131,cell_4,132579601,2345,2,580,255,6615057,dd72c6cf89ad6854e3c989bc70ceea42,3cfacd1beeeb00db3c2afc128dc13b7c,cfcd208495d565ef66e7dff9f98764da,4294967295,761469,0,2,1,1795200622,761469,0,0,0,2,,,-66;75;31;-64;32,72,-1,-1,4294967295,0,-1;-1;-1;-1,0,-1;-1;-1,-1,0,1542
16777234,38875132,cell_3,132579601,2352,1,166,255,6615056,6489ff0c6bb64dd539e628ab08f6804a,5cba29c06294c278e73e9261d04a0fd7,ad61ab143223efbc24c7d2583be69251,4294967295,802653,0,2,1,889207521,802653,0,0,0,1,,,,199,30000000,30000000,4294967295,0,53;52;2;113,0,34;-1;-1,24,0,1542
16777234,38875133,cell_4,132579601,2354,2,948,255,6615056,ae7c78751e128d60419f2258eebfa270,5cba29c06294c278e73e9261d04a0fd7,ad61ab143223efbc24c7d2583be69251,4294967295,872946,0,2,1,889205912,872946,0,0,0,1,,,,199,38829000,38829000,4294967295,0,-122;70;85;4,0,34;-1;-1,-112,0,1542
16777234,38875134,cell_3,132579601,2355,1,458,255,6615056,97d4d35606caac556ea0b55729699c93,5cba29c06294c278e73e9261d04a0fd7,ad61ab143223efbc24c7d2583be69251,4294967295,908262,0,2,1,889211773,908262,0,0,0,1,,,,72,-1,-1,4294967295,0,-1;-1;-1;-1,0,-1;-1;-1,-1,0,1542
16777234,38875135,cell_3,132579601,2355,1,981,255,6615056,ec1ad9e20c597898d218361c569575c5,5cba29c06294c278e73e9261d04a0fd7,32bb90e8976aab5298d5da10fe66f21d,4294967295,962769,0,2,1,83906516,962769,0,0,0,1,,,,199,102400000,512000000,4294967295,0,-122;-124;-112;4,0,83;-1;-1,0,0,1542
16777234,38875136,cell_3,132579601,2357,1,550,255,6615056,00b35ea8b502640c44148e770339218d,5cba29c06294c278e73e9261d04a0fd7,3295c76acbf4caaed33c36b1b5fc2cb1,4294967295,976513,0,2,1,637537055,976513,0,0,0,1,,,,76,78643000,314572000,4294967295,0,-122;37;64;4,0,-105;-1;-1,17,0,1542
16777234,38875137,cell_4,132579601,2360,2,971,255,6615056,4d0269efa9a972136976cf4eac9c9677,5cba29c06294c278e73e9261d04a0fd7,a3f390d88e4c41f2747bfa2f1b5f87db,4294967295,673029,0,2,1,738198226,673029,0,0,0,1,,,,199,136314000,555745000,4294967295,0,-122;20;1;4,0,-120;-1;-1,9,0,1542
16777234,40045785,cell_4,132579600,1522459,2,1,255,6615057,e75cdcf84b276f504aac6441f2fae7c0,3cfacd1beeeb00db3c2afc128dc13b7c,cfcd208495d565ef66e7dff9f98764da,4294967295,261009,0,2,1,1795205335,261009,0,0,0,1,,,,199,150000000,300000000,4294967295,0,53;88;57;8,0,-105;-1;-1,85,0,1542
16777234,40045786,cell_3,132579600,1522459,1,141,255,6615056,36f71f667155a1b00e2c5d5910cbada9,5cba29c06294c278e73e9261d04a0fd7,7cbbc409ec990f19c78c75bd1e06f215,4294967295,311903,0,2,1,1442841197,311903,0,0,0,1,,,,199,108643000,344572000,4294967295,0,-122;112;-108;4,0,121;-1;-1,33,0,1542
16777234,40045787,cell_3,132579600,1522482,1,976,255,6615056,6f6a616fa55e6218728043218f17b49f,5cba29c06294c278e73e9261d04a0fd7,3295c76acbf4caaed33c36b1b5fc2cb1,4294967295,319164,0,2,1,637543467,319164,0,0,0,1,,,,199,110100000,346029000,4294967295,0,-122;81;98;3,0,48;-1;-1,1,0,1542
16777234,40045788,cell_3,132579600,1522483,1,969,255,6615056,5418d4c0260f4ee62c2f336cb18075df,5cba29c06294c278e73e9261d04a0fd7,ea5d2f1c4608232e07d3aa3d998e5135,4294967295,75109,0,2,1,1224753097,75109,0,0,0,1,,,,199,31457000,31457000,4294967295,0,-122;-112;73;6,0,89;-1;-1,0,0,1542
16777234,40045789,cell_4,132579601,12,2,948,255,6615056,3f62381f0ce80719c62370c99584241c,5cba29c06294c278e73e9261d04a0fd7,32bb90e8976aab5298d5da10fe66f21d,4294967295,203303,0,2,1,83903014,203303,0,0,0,1,,,,199,78643000,314572000,4294967295,0,-122;-107;-111;4,0,20;-1;-1,117,0,1542
16777234,40045790,cell_4,132579601,35,2,75,255,6615056,a4c61dd6318dd0e4702524de36a14d5b,5cba29c06294c278e73e9261d04a0fd7,7cbbc409ec990f19c78c75bd1e06f215,4294967295,220340,0,2,1,1442859480,220340,0,0,0,1,,,,199,31457000,31457000,4294967295,0,-122;-105;18;4,0,8;-1;-1,18,0,1542
16777234,40045791,cell_3,132579601,35,1,831,255,6615056,7acfedefb324df14224c1a7427ada066,5cba29c06294c278e73e9261d04a0fd7,ea5d2f1c4608232e07d3aa3d998e5135,4294967295,234228,0,2,1,1224757683,234228,0,0,0,1,,,,199,78643000,314572000,4294967295,0,-122;102;25;4,0,-123;-1;-1,7,0,1542
16777234,40045792,cell_3,132579601,47,1,935,255,6615056,b813760b55b790ea705c22859cf47fb9,5cba29c06294c278e73e9261d04a0fd7,ad61ab143223efbc24c7d2583be69251,4294967295,257808,0,2,1,889205629,257808,0,0,0,1,,,,199,110100000,346029000,4294967295,0,-122;-108;100;4,0,37;-1;-1,21,0,1542
16777234,40045793,cell_4,132579601,256,2,863,255,6615056,e00042f16d9db207d849c07e37d3b6d5,5cba29c06294c278e73e9261d04a0fd7,7cbbc409ec990f19c78c75bd1e06f215,4294967295,321772,0,2,1,1442846232,321772,0,0,0,1,,,,72,-1,-1,4294967295,0,-1;-1;-1;-1,0,-1;-1;-1,-1,0,1542
16777234,40045794,cell_3,132579601,258,1,992,255,6615056,2381d4c76c94671fd1ff2ea2afff0c44,5cba29c06294c278e73e9261d04a0fd7,32bb90e8976aab5298d5da10fe66f21d,4294967295,2141,0,2,1,83895713,2141,0,0,0,1,,,,199,31457000,31457000,4294967295,0,-122;36;102;4,0,25;-1;-1,64,0,1542
16777234,40045795,cell_3,132579601,260,1,373,255,6615056,870865225886ae3efa16f2583501b7d3,5cba29c06294c278e73e9261d04a0fd7,7cbbc409ec990f19c78c75bd1e06f215,4294967295,29455,0,2,1,1442861806,29455,0,0,0,1,,,,199,102400000,512000000,4294967295,0,-122;-112;73;6,0,89;-1;-1,0,0,1542
16777234,40045796,cell_4,132579601,272,2,558,255,6615056,53551f71a474a1cac18440f5c916a730,5cba29c06294c278e73e9261d04a0fd7,ad61ab143223efbc24c7d2583be69251,4294967295,58539,0,2,1,889202554,58539,0,0,0,1,,,,199,31457000,31457000,4294967295,0,-122;82;35;4,0,33;-1;-1,112,0,1542
16777234,40045797,cell_4,132579601,273,2,479,255,6615056,808f4f20bace72a86830c03bdda0693a,5cba29c06294c278e73e9261d04a0fd7,3295c76acbf4caaed33c36b1b5fc2cb1,4294967295,127180,0,2,1,637552453,127180,0,0,0,1,,,,199,50000000,150000000,4294967295,0,-122;81;113;5,0,6;-1;-1,0,0,1542
16777234,40045798,cell_3,132579601,283,1,367,255,6615056,fd02fd0ee1a3100aaec27dcab3579350,5cba29c06294c278e73e9261d04a0fd7,7cbbc409ec990f19c78c75bd1e06f215,4294967295,185951,0,2,1,1442857331,185951,0,0,0,1,,,,199,102400000,512000000,4294967295,0,53;-123;32;8,0,-120;-1;-1,57,0,1542
16777234,40045799,cell_4,132579601,283,2,565,255,6615057,131c04fc48ffdb2777d4d06d74d24f6b,3cfacd1beeeb00db3c2afc128dc13b7c,c4ca4238a0b923820dcc509a6f75849b,4294967295,210888,0,2,1,268472030,210888,0,0,0,2,,,45;-52;82;118;45,72,-1,-1,4294967295,0,-1;-1;-1;-1,0,-1;-1;-1,-1,0,1542
16777234,40045800,cell_3,132579601,287,1,588,255,6615056,36e33bc89a6218394832a89d67b8df21,5cba29c06294c278e73e9261d04a0fd7,3295c76acbf4caaed33c36b1b5fc2cb1,4294967295,242634,0,2,1,637541881,242634,0,0,0,1,,,,199,102400000,512000000,4294967295,0,53;84;117;121,0,-126;-1;-1,20,0,1542
16777234,40045801,cell_4,132579601,303,2,437,255,6615056,2f55f9a01d411f2579614b752667a15a,5cba29c06294c278e73e9261d04a0fd7,a3f390d88e4c41f2747bfa2f1b5f87db,4294967295,306110,0,2,1,738213169,306110,0,0,0,1,,,,199,136314000,555745000,4294967295,0,-122;-123;80;3,0,22;-1;-1,121,0,1542
16777234,40045802,cell_3,132579601,309,1,555,255,6615056,9dcc9ed5f43f90058e833131cef0db0a,5cba29c06294c278e73e9261d04a0fd7,a3f390d88e4c41f2747bfa2f1b5f87db,4294967295,325759,0,2,1,738197721,325759,0,0,0,1,,,,199,50000000,150000000,4294967295,0,-122;39;16;5,0,72;-1;-1,0,0,1542
16777234,40045803,cell_3,132579601,311,1,85,255,6615056,7d0246dfef66a6fc4d984126ed399b2f,5cba29c06294c278e73e9261d04a0fd7,a3f390d88e4c41f2747bfa2f1b5f87db,4294967295,329138,0,2,1,738216584,329138,0,0,0,1,,,,199,136314000,555745000,4294967295,0,-122;33;32;4,0,86;-1;-1,104,0,1542
16777234,40045804,cell_4,132579601,312,2,309,255,6615056,c18ddc6e4f538624a8930d595266daf0,5cba29c06294c278e73e9261d04a0fd7,32bb90e8976aab5298d5da10fe66f21d,4294967295,1703,0,2,1,83901662,1703,0,0,0,2,,,39;77;77;57;39,72,-1,-1,4294967295,0,-1;-1;-1;-1,0,-1;-1;-1,-1,0,1542
16777234,40045805,cell_3,132579601,514,1,654,255,6615056,1ef15df18cceb1a316eaa7797ece47e0,5cba29c06294c278e73e9261d04a0fd7,7cbbc409ec990f19c78c75bd1e06f215,4294967295,761,0,2,1,1442852186,761,0,0,0,1,,,,199,102400000,512000000,4294967295,0,53;-123;32;8,0,-120;-1;-1,57,0,1542
16777234,40045806,cell_4,132579601,525,2,310,255,6615056,2b7b616735553b03413740d6702597fd,5cba29c06294c278e73e9261d04a0fd7,ea5d2f1c4608232e07d3aa3d998e5135,4294967295,113247,0,2,1,1224758930,113247,0,0,0,1,,,,199,78643000,314572000,4294967295,0,-122;56;23;3,0,22;-1;-1,0,0,1542
16777234,40045807,cell_3,132579601,528,1,970,255,6615056,c712779fd0257492bb3e550284dd1142,5cba29c06294c278e73e9261d04a0fd7,a3f390d88e4c41f2747bfa2f1b5f87db,4294967295,234820,0,2,1,738215095,234820,0,0,0,1,,,,199,50000000,150000000,4294967295,0,-122;39;16;5,0,72;-1;-1,0,0,1542
16777234,40045808,cell_3,132579601,535,1,874,255,6615056,a2c1009e56b18274e56b4dcbc3eeee7c,5cba29c06294c278e73e9261d04a0fd7,7cbbc409ec990f19c78c75bd1e06f215,4294967295,273356,0,2,1,1442845548,273356,0,0,0,1,,,,199,30000000,30000000,4294967295,0,-122;57;38;6,0,40;-1;-1,39,0,1542
16777234,40045809,cell_3,132579601,555,1,430,255,6615056,3c5ff83a34807d5fd7c2cd6dffe2412a,5cba29c06294c278e73e9261d04a0fd7,3295c76acbf4caaed33c36b1b5fc2cb1,4294967295,280327,0,2,1,637554065,280327,0,0,0,1,,,,199,30000000,30000000,4294967295,0,-122;82;35;4,0,-108;-1;-1,112,0,1542
16777234,40045810,cell_4,132579601,569,2,130,255,6615056,ce1a6daf2757d00149059e0141741b87,5cba29c06294c278e73e9261d04a0fd7,3295c76acbf4caaed33c36b1b5fc2cb1,4294967295,283357,0,2,1,637556385,283357,0,0,0,1,,,,199,102400000,512000000,4294967295,0,-122;35;81;6,0,87;-1;-1,99,0,1542
16777234,40045811,cell_3,132579601,570,1,381,255,6615056,658dfbc74c83d5b8a96dd01b2659fc5a,5cba29c06294c278e73e9261d04a0fd7,ad61ab143223efbc24c7d2583be69251,4294967295,320645,0,2,1,889193926,320645,0,0,0,1,,,,199,76800000,307200000,4294967295,0,-122;50;53;6,0,20;-1;-1,8,0,1542
16777234,40045812,cell_3,132579601,788,1,919,255,6615057,8327aaafaf396dc31023519c030e918d,3cfacd1beeeb00db3c2afc128dc13b7c,cfcd208495d565ef66e7dff9f98764da,4294967295,332849,0,2,1,1795209614,332849,0,0,0,1,,,,199,100000000,300000000,4294967295,0,-122;103;0;5,0,84;-1;-1,0,0,1542
16777234,40045813,cell_4,132579601,808,2,133,255,6615056,9ea0f9cb93fa2d7ade4e3b32d74256fc,5cba29c06294c278e73e9261d04a0fd7,3295c76acbf4caaed33c36b1b5fc2cb1,4294967295,591,0,2,1,637549815,591,0,0,0,1,,,,199,102400000,512000000,4294967295,0,-122;35;81;6,0,87;-1;-1,99,0,1542
16777234,40045814,cell_4,132579601,1030,2,457,255,6615056,6fc80293afbe6da1d6c3e944bf4101bc,5cba29c06294c278e73e9261d04a0fd7,7cbbc409ec990f19c78c75bd1e06f215,4294967295,17455,0,2,1,1442843535,17455,0,0,0,1,,,,72,-1,-1,4294967295,0,-1;-1;-1;-1,0,-1;-1;-1,-1,0,1542
16777234,40045815,cell_4,132579601,1033,2,863,255,6615056,953d68315b072e590f3a85eaf48c5bcc,5cba29c06294c278e73e9261d04a0fd7,3295c76acbf4caaed33c36b1b5fc2cb1,4294967295,21535,0,2,1,637535408,21535,0,0,0,1,,,,199,31457000,31457000,4294967295,0,-122;39;37;4,0,54;-1;-1,9,0,1542
16777234,40045816,cell_3,132579601,1041,1,883,255,6615056,8d3cb79f4ce6ea06873c264aa65a0cf6,5cba29c06294c278e73e9261d04a0fd7,a3f390d88e4c41f2747bfa2f1b5f87db,4294967295,80930,0,2,1,738210810,80930,0,0,0,1,,,,199,136314000,555745000,4294967295,0,-122;33;32;4,0,86;-1;-1,104,0,1542
16777234,40045817,cell_4,132579601,1060,2,419,255,6615056,4235a5c3b7e8775bc996424bb2ff1e42,5cba29c06294c278e73e9261d04a0fd7,ea5d2f1c4608232e07d3aa3d998e5135,4294967295,144227,0,2,1,1224737558,144227,0,0,0,1,,,,199,102400000,512000000,4294967295,0,-122;33;18;5,0,-111;-1;-1,35,0,1542
16777234,40045818,cell_3,132579601,1061,1,286,255,6615056,5de7c885fa48c102a798b8a2cecfa1ea,5cba29c06294c278e73e9261d04a0fd7,7cbbc409ec990f19c78c75bd1e06f215,4294967295,208711,0,2,1,1442851432,208711,0,0,0,1,,,,199,31457000,31457000,4294967295,0,53;41;117;17,0,-108;-1;-1,17,0,1542
16777234,40045819,cell_4,132579601,1062,2,617,255,6615056,e41ad8cbcd0116667ffc6857afbe6874,5cba29c06294c278e73e9261d04a0fd7,ad61ab143223efbc24c7d2583be69251,4294967295,277374,0,2,1,889209647,277374,0,0,0,1,,,,199,38829000,38829000,4294967295,0,-122;70;85;4,0,34;-1;-1,-112,0,1542
16777234,40045820,cell_4,132579601,1081,2,843,255,6615056,3cd4cfdf43ffbb5d7920793db4860091,5cba29c06294c278e73e9261d04a0fd7,ad61ab143223efbc24c7d2583be69251,4294967295,1818,0,2,1,889197143,1818,0,0,0,1,,,,199,136314000,555745000,4294967295,0,-122;82;35;4,0,33;-1;-1,112,0,1542
16777234,40045821,cell_3,132579601,1286,1,587,255,6615056,b313573258173a2fd75dbdde3b3b0c7e,5cba29c06294c278e73e9261d04a0fd7,a3f390d88e4c41f2747bfa2f1b5f87db,4294967295,26613,0,2,1,738200291,26613,0,0,0,1,,,,199,102400000,512000000,4294967295,0,53;48;86;9,0,37;-1;-1,70,0,1542
16777234,40045822,cell_4,132579601,1292,2,938,255,6615056,779f1e3440cc39e89580cf8a64dda896,5cba29c06294c278e73e9261d04a0fd7,32bb90e8976aab5298d5da10fe66f21d,4294967295,100652,0,2,1,83907510,100652,0,0,0,1,,,,199,78643000,314572000,4294967295,0,-122;-107;-111;4,0,20;-1;-1,117,0,1542
16777234,40045823,cell_4,132579601,1314,2,350,255,6615056,c8985254fcaa85e2858ea0b9ac6c0452,5cba29c06294c278e73e9261d04a0fd7,32bb90e8976aab5298d5da10fe66f21d,4294967295,113856,0,2,1,83894016,113856,0,0,0,1,,,,199,78643000,314572000,4294967295,0,-122;-107;-111;4,0,20;-1;-1,117,0,1542
16777234,40045824,cell_3,132579601,1331,1,187,255,6615056,aac8de3c98ea257144c689010fbfbbc4,5cba29c06294c278e73e9261d04a0fd7,ea5d2f1c4608232e07d3aa3d998e5135,4294967295,152744,0,2,1,1224751539,152744,0,0,0,1,,,,199,136314000,555745000,4294967295,0,-122;-124;37;4,0,33;-1;-1,112,0,1542
16777234,40045825,cell_4,132579601,1336,2,896,255,6615056,23ad2ea6d9f482247b7bd63530e608d2,5cba29c06294c278e73e9261d04a0fd7,3295c76acbf4caaed33c36b1b5fc2cb1,4294967295,194750,0,2,1,637548365,194750,0,0,0,1,,,,72,-1,-1,4294967295,0,-1;-1;-1;-1,0,-1;-1;-1,-1,0,1542
16777234,40045826,cell_4,132579601,1338,2,102,255,6615056,a07386ac37e25b6aed5542045acee68d,5cba29c06294c278e73e9261d04a0fd7,3295c76acbf4caaed33c36b1b5fc2cb1,4294967295,228980,0,2,1,637554499,228980,0,0,0,1,,,,199,102400000,512000000,4294967295,0,-122;35;81;6,0,87;-1;-1,99,0,1542
16777234,40045827,cell_3,132579601,1339,1,273,255,6615056,a9e27b37086b9500f1d328f470251977,5cba29c06294c278e73e9261d04a0fd7,ad61ab143223efbc24c7d2583be69251,4294967295,297036,0,2,1,889200519,297036,0,0,0,1,,,,199,76800000,307200000,4294967295,0,-122;-104;2;5,0,-119;-1;-1,112,0,1542
16777234,40045828,cell_4,132579601,1541,2,665,255,6615056,acf4909bd5b8728bc2268f4f39d07521,5cba29c06294c278e73e9261d04a0fd7,ea5d2f1c4608232e07d3aa3d998e5135,4294967295,315096,0,2,1,1224738067,315096,0,0,0,1,,,,72,-1,-1,4294967295,0,-1;-1;-1;-1,0,-1;-1;-1,-1,0,1542
16777234,40045829,cell_4,132579601,1541,2,957,255,6615056,d2701d7ed62952fd0abb392f38a74bae,5cba29c06294c278e73e9261d04a0fd7,3295c76acbf4caaed33c36b1b5fc2cb1,4294967295,1785,0,2,1,637542645,1785,0,0,0,1,,,,72,-1,-1,4294967295,0,-1;-1;-1;-1,0,-1;-1;-1,-1,0,1542
16777234,40045830,cell_3,132579601,1552,1,591,255,6615056,a52aa14ea59d8212a73262f668cd464b,5cba29c06294c278e73e9261d04a0fd7,ad61ab143223efbc24c7d2583be69251,4294967295,36430,0,2,1,889196916,36430,0,0,0,1,,,,199,37200000,37200000,4294967295,0,-122;34;67;5,0,64;-1;-1,39,0,1542
16777234,40045831,cell_3,132579601,1555,1,58,255,6615056,bbab3dd0993da44b25a960464046fef6,5cba29c06294c278e73e9261d04a0fd7,ea5d2f1c4608232e07d3aa3d998e5135,4294967295,110383,0,2,1,1224750028,110383,0,0,0,1,,,,199,108643000,344572000,4294967295,0,-122;-107;115;3,0,72;-1;-1,117,0,1542
16777234,40045832,cell_4,132579601,1556,2,648,255,6615056,07f80028551c685f924464e6beba9b40,5cba29c06294c278e73e9261d04a0fd7,3295c76acbf4caaed33c36b1b5fc2cb1,4294967295,180866,0,2,1,637539987,180866,0,0,0,1,,,,199,78643000,314572000,4294967295,0,-122;87;99;3,0,98;-1;-1,40,0,1542
16777234,40045833,cell_3,132579601,1811,1,1,255,6615056,dacb547494e83788e252adfbe1ae9e63,5cba29c06294c278e73e9261d04a0fd7,a3f390d88e4c41f2747bfa2f1b5f87db,4294967295,194739,0,2,1,738206190,194739,0,0,0,1,,,,72,-1,-1,4294967295,0,-1;-1;-1;-1,0,-1;-1;-1,-1,0,1542
16777234,40045834,cell_3,132579601,1815,1,130,255,6615056,e82a52b9b3696f9c182690f9e969c1e5,5cba29c06294c278e73e9261d04a0fd7,32bb90e8976aab5298d5da10fe66f21d,4294967295,208104,0,2,1,83901728,208104,0,0,0,1,,,,199,102400000,512000000,4294967295,0,53;102;-103;17,0,37;-1;-1,24,0,1542
16777234,40045835,cell_4,132579601,1826,2,593,255,6615056,b3c68dc224df81512e0e9776b231bfb6,5cba29c06294c278e73e9261d04a0fd7,7cbbc409ec990f19c78c75bd1e06f215,4294967295,219493,0,2,1,1442846801,219493,0,0,0,1,,,,199,110100000,346029000,4294967295,0,53;-120;4;9,0,98;-1;-1,25,0,1542
16777234,40045836,cell_4,132579601,1830,2,51,255,6615056,b2fab85ca33e9a9e1b0c32031e55390c,5cba29c06294c278e73e9261d04a0fd7,3295c76acbf4caaed33c36b1b5fc2cb1,4294967295,228414,0,2,1,637550131,228414,0,0,0,1,,,,72,-1,-1,4294967295,0,-1;-1;-1;-1,0,-1;-1;-1,-1,0,1542
16777234,40045837,cell_3,132579601,1834,1,485,255,6615056,5a403cb835ce54bc2e0c12fe4e5156f9,5cba29c06294c278e73e9261d04a0fd7,ad61ab143223efbc24c7d2583be69251,4294967295,289794,0,2,1,889204323,289794,0,0,0,1,,,,199,76800000,307200000,4294967295,0,-122;-104;2;5,0,-119;-1;-1,112,0,1542
16777234,40045838,cell_3,132579601,1844,1,317,255,6615056,ecdbb275b7b64b14b095d82989cf745f,5cba29c06294c278e73e9261d04a0fd7,3295c76acbf4caaed33c36b1b5fc2cb1,4294967295,301318,0,2,1,637553013,301318,0,0,0,1,,,,199,37200000,37200000,4294967295,0,-122;80;68;5,0,-109;-1;-1,19,0,1542
16777234,40045839,cell_4,132579601,2048,2,854,255,6615056,927056706fae1f5ed73b5e3a7d580afe,5cba29c06294c278e73e9261d04a0fd7,3295c76acbf4caaed33c36b1b5fc2cb1,4294967295,2379,0,2,1,637537348,2379,0,0,0,1,,,,199,108643000,344572000,4294967295,0,-122;22;97;4,0,84;-1;-1,18,0,1542
16777234,40045840,cell_3,132579601,2054,1,876,255,6615056,8f3454cf60290d1b53a0ef1d4f9e025f,5cba29c06294c278e73e9261d04a0fd7,32bb90e8976aab5298d5da10fe66f21d,4294967295,7885,0,2,1,83898291,7885,0,0,0,1,,,,199,102400000,512000000,4294967295,0,53;103;55;17,0,50;-1;-1,24,0,1542
16777234,40045841,cell_4,132579601,2063,2,431,255,6615056,eeae681fca79d62474f999e2bc0a99c4,5cba29c06294c278e73e9261d04a0fd7,ad61ab143223efbc24c7d2583be69251,4294967295,74509,0,2,1,889193215,74509,0,0,0,1,,,,199,104857000,524288000,4294967295,0,53;32;41;7,0,96;-1;-1,66,0,1542
16777234,40045842,cell_3,132579601,2305,1,79,255,6615056,350013e12ec8f802a4e81d468a87b65d,5cba29c06294c278e73e9261d04a0fd7,ea5d2f1c4608232e07d3aa3d998e5135,4294967295,113349,0,2,1,1224755846,113349,0,0,0,1,,,,199,31457000,31457000,4294967295,0,-122;-112;73;6,0,89;-1;-1,0,0,1542
16777234,40045843,cell_4,132579601,2305,2,670,255,6615056,88792847f80b56056d1ccdba1e98bf49,5cba29c06294c278e73e9261d04a0fd7,a3f390d88e4c41f2747bfa2f1b5f87db,4294967295,163492,0,2,1,738213047,163492,0,0,0,1,,,,199,136314000,555745000,4294967295,0,-122;20;1;4,0,-120;-1;-1,9,0,1542
16777234,40045844,cell_3,132579601,2328,1,571,255,6615056,6839cabde1183556e43e84e4f18faf25,5cba29c06294c278e73e9261d04a0fd7,a3f390d88e4c41f2747bfa2f1b5f87db,4294967295,199660,0,2,1,738219432,199660,0,0,0,1,,,,72,-1,-1,4294967295,0,-1;-1;-1;-1,0,-1;-1;-1,-1,0,1542
16777234,40045845,cell_3,132579601,2336,1,120,255,6615056,0611d2230ada49c8c7029cef89dbf919,5cba29c06294c278e73e9261d04a0fd7,3295c76acbf4caaed33c36b1b5fc2cb1,4294967295,219734,0,2,1,637541861,219734,0,0,0,1,,,,199,102400000,512000000,4294967295,0,53;52;2;113,0,35;-1;-1,24,0,1542
16777234,40045846,cell_4,132579601,2345,2,49,255,6615056,9ea7c90675edbb3f2d376e15289c2f49,5cba29c06294c278e73e9261d04a0fd7,3295c76acbf4caaed33c36b1b5fc2cb1,4294967295,293984,0,2,1,637540346,293984,0,0,0,1,,,,199,136314000,555745000,4294967295,0,53;101;-123;16,0,116;-1;-1,49,0,1542
16777234,40045847,cell_4,132579601,2359,2,480,255,6615057,c8d8bf5f55b15571676e422d617ece3f,3cfacd1beeeb00db3c2afc128dc13b7c,cfcd208495d565ef66e7dff9f98764da,4294967295,61,0,2,1,1795162747,61,0,0,0,1,,,,199,150000000,300000000,4294967295,0,53;88;57;8,0,-105;-1;-1,85,0,1542
16777234,40045848,cell_3,132579601,2359,1,952,255,6615056,3aca672e4db3cf0387f218bc3a597d2f,5cba29c06294c278e73e9261d04a0fd7,a3f390d88e4c41f2747bfa2f1b5f87db,4294967295,12915,0,2,1,738204234,12915,0,0,0,1,,,,199,102400000,512000000,4294967295,0,53;48;86;9,0,37;-1;-1,70,0,1542
16777234,549647344,cell_3,132579601,1826,1,318,255,6615056,72255c6c642af059353c2c215bcc5d0d,5cba29c06294c278e73e9261d04a0fd7,3295c76acbf4caaed33c36b1b5fc2cb1,4294967295,1587016,0,0,1,637545049,1587016,0,0,0,255,,,,255,37200000,37200000,4294967295,1,-122;80;68;5,0,-109;-1;-1,19,0,1542
16777234,818082788,cell_4,132579600,1522483,2,210,255,6615056,68ac9281ca2bbf64f7f8854d6d7ee7a9,5cba29c06294c278e73e9261d04a0fd7,7cbbc409ec990f19c78c75bd1e06f215,4294967295,1664,0,2,1,1442858096,1664,0,0,0,1,,,,255,102400000,512000000,4294967295,2,-122;24;103;5,0,97;-1;-1,0,0,1542
16777234,818082789,cell_4,132579601,6,2,622,255,6615056,7e6bfb41fe6015250d9c6fcb6a801706,5cba29c06294c278e73e9261d04a0fd7,7cbbc409ec990f19c78c75bd1e06f215,4294967295,137849,0,2,1,1442854952,137849,0,0,0,1,,,,255,102400000,512000000,4294967295,2,-122;24;103;5,0,97;-1;-1,0,0,1542
16777234,818082790,cell_4,132579601,257,2,279,255,6615057,1f7b32d14f9a283d96c5f325bbe739df,3cfacd1beeeb00db3c2afc128dc13b7c,cfcd208495d565ef66e7dff9f98764da,4294967295,1747,0,2,1,1795177686,1747,0,0,0,1,,,,255,100000000,500000000,4294967295,2,-122;64;112;6,0,-123;-1;-1,99,0,1542
16777234,818082791,cell_4,132579601,277,2,369,255,6615057,c1d1c708113c95e0b4f7428d99e0412f,3cfacd1beeeb00db3c2afc128dc13b7c,cfcd208495d565ef66e7dff9f98764da,4294967295,840604,0,2,1,1795210381,840604,0,0,0,1,,,,255,100000000,500000000,4294967295,2,-122;64;112;6,0,-123;-1;-1,99,0,1542
16777234,818082792,cell_3,132579601,312,1,856,255,6615056,10338d66eab8a106fec6b29f7857bbbe,5cba29c06294c278e73e9261d04a0fd7,3295c76acbf4caaed33c36b1b5fc2cb1,4294967295,867112,0,0,1,637537048,867112,0,0,0,1,,,,255,30000000,30000000,4294967295,2,-122;82;35;4,0,-108;-1;-1,112,0,1542
16777234,818082793,cell_4,132579601,514,2,757,255,6615056,027c012a7ab32b36f4c00bae3b6d7ba7,5cba29c06294c278e73e9261d04a0fd7,7cbbc409ec990f19c78c75bd1e06f215,4294967295,77269,0,2,1,1442862291,77269,0,0,0,1,,,,255,76800000,307200000,4294967295,2,-122;118;118;4,0,-125;-1;-1,117,0,1542
16777234,818082794,cell_4,132579601,528,2,847,255,6615056,59a28a41958ced88325b0f2fd8a3373f,5cba29c06294c278e73e9261d04a0fd7,7cbbc409ec990f19c78c75bd1e06f215,4294967295,160849,0,2,1,1442860507,160849,0,0,0,1,,,,255,76800000,307200000,4294967295,2,-122;118;118;4,0,-125;-1;-1,117,0,1542
16777234,818082795,cell_4,132579601,809,2,137,255,6615056,42688544f2994166a6cc71a08958f772,5cba29c06294c278e73e9261d04a0fd7,ea5d2f1c4608232e07d3aa3d998e5135,4294967295,711164,0,2,1,1224743562,711164,0,0,0,1,,,,255,110100000,346029000,4294967295,2,53;103;70;8,0,7;-1;-1,64,0,1542
16777234,818082796,cell_3,132579601,1292,1,511,255,6615056,b94e8e6690d1855ea6138a7d41144283,5cba29c06294c278e73e9261d04a0fd7,32bb90e8976aab5298d5da10fe66f21d,4294967295,54874,0,2,1,83906948,54874,0,0,0,1,,,,255,102400000,512000000,4294967295,2,53;103;55;17,0,50;-1;-1,24,0,1542
16777234,818082797,cell_3,132579601,1326,1,490,255,6615056,4e8557f3f0e000c1dcb871836bf94935,5cba29c06294c278e73e9261d04a0fd7,3295c76acbf4caaed33c36b1b5fc2cb1,4294967295,1628530,1,0,1,637543264,1628530,0,0,0,1,,,,255,100000000,500000000,4294967295,2,-122;-104;2;5,0,83;-1;-1,23,0,1542
16777234,818082798,cell_4,132579601,1578,2,105,255,6615056,43997e2882729ad84e6251bbfb63f370,5cba29c06294c278e73e9261d04a0fd7,a3f390d88e4c41f2747bfa2f1b5f87db,4294967295,183714,0,2,1,738219520,183714,0,0,0,1,,,,255,136314000,555745000,4294967295,2,-122;20;1;4,0,-120;-1;-1,9,0,1542
16777234,818082799,cell_4,132579601,1792,2,183,255,6615057,bb5fd52ed1e42fea7b119be72902115d,3cfacd1beeeb00db3c2afc128dc13b7c,c4ca4238a0b923820dcc509a6f75849b,4294967295,968965,0,2,1,268469918,968965,0,0,0,1,,,,255,150000000,300000000,4294967295,2,-122;2;16;4,0,-120;-1;-1,1,0,1542
16777234,818082801,cell_3,132579601,2066,1,680,255,6615057,02961c204de555a5fc0997f19ad6de79,3cfacd1beeeb00db3c2afc128dc13b7c,cfcd208495d565ef66e7dff9f98764da,4294967295,1004291,0,2,1,1795203512,1004291,0,0,0,1,,,,255,104857000,524288000,4294967295,2,-122;97;36;5,0,70;-1;-1,1,0,1542
16777234,818082802,cell_3,132579601,2076,1,63,255,6615056,c5374f5e1d3cb6ec8b5fece8810dc06a,5cba29c06294c278e73e9261d04a0fd7,a3f390d88e4c41f2747bfa2f1b5f87db,4294967295,1529706,0,0,1,738205232,1529706,0,0,0,1,,,,255,104857000,524288000,4294967295,2,-122;-105;116;3,0,32;-1;-1,-127,0,1542
16777234,818082803,cell_4,132579601,2343,2,445,255,6615056,012c6013c5e66965413b2e5512c0abf6,5cba29c06294c278e73e9261d04a0fd7,a3f390d88e4c41f2747bfa2f1b5f87db,4294967295,1652918,0,2,1,738211755,1652918,0,0,0,1,,,,255,76800000,307200000,4294967295,2,-122;20;67;4,0,38;-1;-1,102,0,1542
16777234,818082804,cell_4,132579601,2361,2,625,255,6615056,9a08bcea108faf9c0637f022344fec2f,5cba29c06294c278e73e9261d04a0fd7,ea5d2f1c4608232e07d3aa3d998e5135,4294967295,724585,0,2,1,1224756306,724585,0,0,0,1,,,,255,102400000,512000000,4294967295,2,53;34;121;23,0,68;-1;-1,16,0,1542
