head_0,head_1_0,head_1_1,head_2,head_3,head_4_0,head_4_1,head_5,head_6_0,head_6_1,head_7,head_8,head_9,head_10,head_11,head_12,head_13_0,head_13_1,head_13_2,head_13_3,head_13_4,head_14,body_0,body_1,body_2_0,body_2_1,body_2_2,body_2_3,body_2_4,body_3_0,body_3_1,body_3_2,body_3_3,body_3_4,body_4,body_5,body_6,body_7,body_8,body_9,body_10_value_1,body_10_separator_1,body_10_value_2,body_10_separator_2,body_10_value_3,body_10_separator_3,body_10_value_4,body_10_separator_4,body_10_value_5,body_11,body_12,body_13,body_14,body_15,body_16_value_1,body_16_separator_1,body_16_value_2,body_16_separator_2,body_16_value_3,body_16_separator_3,body_16_value_4,body_17,body_18_value_1,body_18_separator_1,body_18_value_2,body_18_separator_2,body_18_value_3,body_19,body_20,body_21
16777234,3547197,3,cell_3,132579600,152247,8,1,71,4,255,6615056,cbb81cf63a2e3d47442df45ca2a5523c,5cba29c06294c278e73e9261d04a0fd7,32bb90e8976aab5298d5da10fe66f21d,4294967295,161,4,2,2,3,0,2,1,8390,8,1,0,0,161,4,2,2,3,0,0,0,1,,,,;,,,,,,,,199,102400000,512000000,4294967295,0,-122,;,-124,;,-112,;,4,0,83,;,-1,;,-1,0,0,1542
16777234,3547197,4,cell_3,132579600,152248,0,1,31,6,255,6615056,7ee5681f3eb6963bad4fe9bf721247d7,5cba29c06294c278e73e9261d04a0fd7,a3f390d88e4c41f2747bfa2f1b5f87db,4294967295,134,2,5,8,5,0,2,1,73821,9,7,2,0,134,2,5,8,5,0,0,0,1,,,,;,,,,,,,,199,30000000,30000000,4294967295,0,-122,;,116,;,-121,;,4,0,-120,;,-1,;,-1,105,0,1542
16777234,3547197,5,cell_4,132579601,0,1,2,32,8,255,6615057,fc53de11642735dd2260106c18cb91e7,3cfacd1beeeb00db3c2afc128dc13b7c,c4ca4238a0b923820dcc509a6f75849b,4294967295,139,1,4,5,8,0,2,1,26849,0,5,0,3,139,1,4,5,8,0,0,0,2,,,-108.0,;,-97.0,;,32.0,;,109.0,;,-108.0,72,-1,-1,4294967295,0,-1,;,-1,;,-1,;,-1,0,-1,;,-1,;,-1,-1,0,1542
16777234,3547197,6,cell_4,132579601,0,9,2,14,6,255,6615056,c2512f3cf4138547de72c8b787c79141,5cba29c06294c278e73e9261d04a0fd7,ad61ab143223efbc24c7d2583be69251,4294967295,140,4,6,9,4,0,2,1,88919,2,8,9,2,140,4,6,9,4,0,0,0,1,,,,;,,,,,,,,199,102400000,512000000,4294967295,0,-122,;,-106,;,82,;,5,0,116,;,-1,;,-1,1,0,1542
16777234,3547197,7,cell_4,132579601,1,1,2,77,4,255,6615056,3dc1851758941dfa54027275d98047ce,5cba29c06294c278e73e9261d04a0fd7,ea5d2f1c4608232e07d3aa3d998e5135,4294967295,146,1,0,7,6,0,2,1,122473,6,8,9,7,146,1,0,7,6,0,0,0,1,,,,;,,,,,,,,199,110100000,346029000,4294967295,0,53,;,83,;,68,;,8,0,99,;,-1,;,-1,68,0,1542
16777234,3547197,8,cell_3,132579601,3,9,1,6,0,255,6615056,848460b5cb87f537c4c809c206d7eecc,5cba29c06294c278e73e9261d04a0fd7,a3f390d88e4c41f2747bfa2f1b5f87db,4294967295,148,0,1,5,1,0,2,1,73820,0,4,7,7,148,0,1,5,1,0,0,0,1,,,,;,,,,,,,,199,102400000,512000000,4294967295,0,53,;,48,;,86,;,9,0,37,;,-1,;,-1,70,0,1542
16777234,3547197,9,cell_4,132579601,4,0,2,32,2,255,6615056,71b8ae193ed1c8fd00eea3c84a240eb8,5cba29c06294c278e73e9261d04a0fd7,a3f390d88e4c41f2747bfa2f1b5f87db,4294967295,151,2,5,5,7,0,2,1,73819,7,8,4,4,151,2,5,5,7,0,0,0,1,,,,;,,,,,,,,199,136314000,555745000,4294967295,0,-122,;,-123,;,23,;,4,0,-123,;,-1,;,-1,112,0,1542
16777234,3547198,0,cell_3,132579601,4,7,1,76,5,255,6615056,c99b2e9fd4d4618f6fb9be7c3d5df46c,5cba29c06294c278e73e9261d04a0fd7,7cbbc409ec990f19c78c75bd1e06f215,4294967295,152,5,6,2,8,0,2,1,144284,0,6,7,1,152,5,6,2,8,0,0,0,1,,,,;,,,,,,,,199,31457000,31457000,4294967295,0,-122,;,69,;,-125,;,4,0,54,;,-1,;,-1,97,0,1542
16777234,3547198,1,cell_3,132579601,26,5,1,94,7,255,6615056,a3aba0367419b9a92edc61d2ea7c7646,5cba29c06294c278e73e9261d04a0fd7,3295c76acbf4caaed33c36b1b5fc2cb1,4294967295,153,5,5,5,6,0,2,1,63754,8,8,4,7,153,5,5,5,6,0,0,0,1,,,,;,,,,,,,,199,102400000,512000000,4294967295,0,53,;,84,;,117,;,121,0,-126,;,-1,;,-1,20,0,1542
16777234,3547198,2,cell_4,132579601,27,0,2,16,9,255,6615056,8f843435c469341d2231e20fff816775,5cba29c06294c278e73e9261d04a0fd7,3295c76acbf4caaed33c36b1b5fc2cb1,4294967295,160,0,0,5,1,0,2,1,63755,4,4,3,5,160,0,0,5,1,0,0,0,1,,,,;,,,,,,,,199,102400000,512000000,4294967295,0,-122,;,35,;,81,;,6,0,87,;,-1,;,-1,99,0,1542
16777234,3547198,3,cell_3,132579601,27,1,1,49,8,255,6615056,aa0f9d6206e9272138415a3d072f180b,5cba29c06294c278e73e9261d04a0fd7,32bb90e8976aab5298d5da10fe66f21d,4294967295,164,2,4,4,9,0,2,1,8389,2,2,1,9,164,2,4,4,9,0,0,0,1,,,,;,,,,,,,,199,30000000,30000000,4294967295,0,-122,;,-104,;,2,;,5,0,83,;,-1,;,-1,23,0,1542
16777234,3547198,4,cell_3,132579601,29,1,1,13,0,255,6615056,6c6f9b5c33e385ee5375a4e15ecc6565,5cba29c06294c278e73e9261d04a0fd7,a3f390d88e4c41f2747bfa2f1b5f87db,4294967295,134,3,2,5,6,0,2,1,73821,1,7,1,9,134,3,2,5,6,0,0,0,1,,,,;,,,,,,,,199,136314000,555745000,4294967295,0,-122,;,21,;,-104,;,5,0,105,;,-1,;,-1,1,0,1542
16777234,3547198,5,cell_3,132579601,29,7,1,90,4,255,6615056,8bb80851ae7e5e43f40b3200d01457ce,5cba29c06294c278e73e9261d04a0fd7,ad61ab143223efbc24c7d2583be69251,4294967295,140,4,9,8,8,0,2,1,88920,2,6,9,9,140,4,9,8,8,0,0,0,1,,,,;,,,,,,,,199,76800000,307200000,4294967295,0,-122,;,50,;,53,;,6,0,20,;,-1,;,-1,8,0,1542
16777234,3547198,6,cell_3,132579601,30,1,1,61,0,255,6615056,5d38ba601833de52e53e64f44c1a5d37,5cba29c06294c278e73e9261d04a0fd7,a3f390d88e4c41f2747bfa2f1b5f87db,4294967295,142,9,1,0,2,0,2,1,73819,9,2,0,6,142,9,1,0,2,0,0,0,1,,,,;,,,,,,,,199,102400000,512000000,4294967295,0,53,;,48,;,86,;,9,0,37,;,-1,;,-1,70,0,1542
16777234,3547198,7,cell_3,132579601,30,5,1,66,5,255,6615056,056112ae8788204818c9b132de71b949,5cba29c06294c278e73e9261d04a0fd7,ea5d2f1c4608232e07d3aa3d998e5135,4294967295,145,3,2,3,4,0,2,1,122474,7,9,9,0,145,3,2,3,4,0,0,0,1,,,,;,,,,,,,,199,102400000,512000000,4294967295,0,-122,;,120,;,82,;,5,0,87,;,-1,;,-1,32,0,1542
16777234,3547198,8,cell_3,132579601,31,5,1,86,8,255,6615056,64894053cf7b04327d497199f81d6cab,5cba29c06294c278e73e9261d04a0fd7,32bb90e8976aab5298d5da10fe66f21d,4294967295,150,9,2,9,6,0,2,1,8390,3,7,2,3,150,9,2,9,6,0,0,0,1,,,,;,,,,,,,,199,102400000,512000000,4294967295,0,-122,;,-124,;,-112,;,4,0,83,;,-1,;,-1,0,0,1542
16777234,3547198,9,cell_4,132579601,51,2,2,57,8,255,6615056,4931b59cf08ce359f1a00c4e35af97cb,5cba29c06294c278e73e9261d04a0fd7,3295c76acbf4caaed33c36b1b5fc2cb1,4294967295,151,1,2,8,1,0,2,1,63753,6,8,3,4,151,1,2,8,1,0,0,0,1,,,,;,,,,,,,,199,110100000,346029000,4294967295,0,53,;,48,;,87,;,9,0,24,;,-1,;,-1,68,0,1542
16777234,3547199,0,cell_4,132579601,54,2,2,9,6,255,6615056,6c6d9be20e5a30c105ed136e15ed2faa,5cba29c06294c278e73e9261d04a0fd7,32bb90e8976aab5298d5da10fe66f21d,4294967295,156,0,2,6,8,0,2,1,8388,9,5,0,7,156,0,2,6,8,0,0,0,2,,,-67.0,;,119.0,;,-8.0,;,48.0,;,-6.0,72,-1,-1,4294967295,0,-1,;,-1,;,-1,;,-1,0,-1,;,-1,;,-1,-1,0,1542
16777234,3547199,1,cell_3,132579601,54,4,1,82,7,255,6615056,e30f2e94531c528cd1c3ec9258bf45f2,5cba29c06294c278e73e9261d04a0fd7,ea5d2f1c4608232e07d3aa3d998e5135,4294967295,160,3,2,0,4,0,2,1,122474,7,9,1,1,160,3,2,0,4,0,0,0,1,,,,;,,,,,,,,199,102400000,512000000,4294967295,0,-122,;,120,;,82,;,5,0,87,;,-1,;,-1,32,0,1542
16777234,3547199,2,cell_4,132579601,55,0,2,48,1,255,6615056,805c10b1420c2a3049e482d312d42d7b,5cba29c06294c278e73e9261d04a0fd7,a3f390d88e4c41f2747bfa2f1b5f87db,4294967295,160,8,8,0,8,0,2,1,73820,8,3,8,9,160,8,8,0,8,0,0,0,1,,,,;,,,,,,,,199,136314000,555745000,4294967295,0,-122,;,-123,;,23,;,4,0,-123,;,-1,;,-1,112,0,1542
16777234,3547199,3,cell_4,132579601,77,4,2,70,1,255,6615056,fe3159f3bfbb451faa51321b86fb565b,5cba29c06294c278e73e9261d04a0fd7,3295c76acbf4caaed33c36b1b5fc2cb1,4294967295,166,8,7,6,6,0,2,1,63754,0,4,7,4,166,8,7,6,6,0,0,0,1,,,,;,,,,,,,,199,136314000,555745000,4294967295,0,53,;,101,;,-123,;,16,0,116,;,-1,;,-1,49,0,1542
16777234,3547199,4,cell_4,132579601,77,8,2,30,3,255,6615057,44f61067f7212a44dae8659272dc0511,3cfacd1beeeb00db3c2afc128dc13b7c,cfcd208495d565ef66e7dff9f98764da,4294967295,134,4,3,2,5,0,2,1,179517,5,2,0,8,134,4,3,2,5,0,0,0,2,,,-72.0,;,47.0,;,-2.0,;,81.0,;,-72.0,72,-1,-1,4294967295,0,-1,;,-1,;,-1,;,-1,0,-1,;,-1,;,-1,-1,0,1542
16777234,3547199,5,cell_3,132579601,104,7,1,26,4,255,6615056,af59ebaf11d2db5df38e2a4553bc9afa,5cba29c06294c278e73e9261d04a0fd7,a3f390d88e4c41f2747bfa2f1b5f87db,4294967295,135,9,9,7,0,0,2,1,73821,4,7,4,0,135,9,9,7,0,0,0,0,1,,,,;,,,,,,,,72,-1,-1,4294967295,0,-1,;,-1,;,-1,;,-1,0,-1,;,-1,;,-1,-1,0,1542
16777234,3547199,6,cell_3,132579601,105,0,1,38,6,255,6615056,ffd648dd8d70ee603ce8a9283a9803b3,5cba29c06294c278e73e9261d04a0fd7,ea5d2f1c4608232e07d3aa3d998e5135,4294967295,139,1,5,3,5,0,2,1,122475,2,4,0,4,139,1,5,3,5,0,0,0,1,,,,;,,,,,,,,199,104857000,524288000,4294967295,0,-122,;,19,;,9,;,4,0,85,;,-1,;,-1,70,0,1542
16777234,3547199,7,cell_4,132579601,107,6,2,84,5,255,6615056,c9d4d54dc4fe5c99bc35686972e39e86,5cba29c06294c278e73e9261d04a0fd7,ea5d2f1c4608232e07d3aa3d998e5135,4294967295,144,3,8,3,0,0,2,1,122475,3,8,1,0,144,3,8,3,0,0,0,0,1,,,,;,,,,,,,,199,100000000,500000000,4294967295,0,-122,;,121,;,52,;,4,0,68,;,-1,;,-1,-110,0,1542
16777234,3547199,8,cell_4,132579601,128,9,2,14,8,255,6615056,2217b5469fa60236aa314b7789ca833a,5cba29c06294c278e73e9261d04a0fd7,ad61ab143223efbc24c7d2583be69251,4294967295,151,1,5,4,4,0,2,1,88920,8,8,6,0,151,1,5,4,4,0,0,0,1,,,,;,,,,,,,,199,102400000,512000000,4294967295,0,-122,;,-106,;,82,;,5,0,116,;,-1,;,-1,1,0,1542
16777234,3547199,9,cell_3,132579601,130,8,1,52,2,255,6615056,6b108631e047431c69bd5f4c546a8187,5cba29c06294c278e73e9261d04a0fd7,a3f390d88e4c41f2747bfa2f1b5f87db,4294967295,153,0,8,8,4,0,2,1,73821,1,2,0,8,153,0,8,8,4,0,0,0,1,,,,;,,,,,,,,199,30000000,30000000,4294967295,0,53,;,103,;,52,;,17,0,86,;,-1,;,-1,35,0,1542
16777234,3547200,0,cell_3,132579601,131,2,1,90,3,255,6615056,6b0359d438c63af6459e0540dfef42fc,5cba29c06294c278e73e9261d04a0fd7,a3f390d88e4c41f2747bfa2f1b5f87db,4294967295,156,9,2,4,5,0,2,1,73820,3,7,3,8,156,9,2,4,5,0,0,0,1,,,,;,,,,,,,,72,-1,-1,4294967295,0,-1,;,-1,;,-1,;,-1,0,-1,;,-1,;,-1,-1,0,1542
16777234,3547200,1,cell_4,132579601,133,5,2,48,6,255,6615056,fb93c9abdd545b1ef7a8ac8a838fade4,5cba29c06294c278e73e9261d04a0fd7,3295c76acbf4caaed33c36b1b5fc2cb1,4294967295,167,5,8,7,3,0,2,1,63754,2,1,5,1,167,5,8,7,3,0,0,0,1,,,,;,,,,,,,,199,78643000,314572000,4294967295,0,-122,;,87,;,99,;,3,0,98,;,-1,;,-1,40,0,1542
16777234,3547200,2,cell_4,132579601,153,9,2,64,5,255,6615056,6984701bf752bf433feec5b8db3ac18e,5cba29c06294c278e73e9261d04a0fd7,3295c76acbf4caaed33c36b1b5fc2cb1,4294967295,134,2,3,9,5,0,2,1,63754,1,1,0,7,134,2,3,9,5,0,0,0,1,,,,;,,,,,,,,199,108643000,344572000,4294967295,0,-122,;,22,;,97,;,4,0,84,;,-1,;,-1,18,0,1542
16777234,3547200,3,cell_4,132579601,154,7,2,49,8,255,6615056,6cefe68e7ce9c9b54996bc3e8e805b40,5cba29c06294c278e73e9261d04a0fd7,7cbbc409ec990f19c78c75bd1e06f215,4294967295,137,0,4,5,7,0,2,1,144284,7,1,2,3,137,0,4,5,7,0,0,0,1,,,,;,,,,,,,,199,110100000,346029000,4294967295,0,-122,;,-109,;,32,;,3,0,89,;,-1,;,-1,39,0,1542
16777234,3547200,4,cell_4,132579601,157,6,2,5,3,255,6615056,13a8ffbb78e5f630bd93c1b61957094f,5cba29c06294c278e73e9261d04a0fd7,3295c76acbf4caaed33c36b1b5fc2cb1,4294967295,141,5,7,9,2,0,2,1,63754,1,7,0,8,141,5,7,9,2,0,0,0,1,,,,;,,,,,,,,199,76800000,307200000,4294967295,0,-122,;,35,;,114,;,5,0,118,;,-1,;,-1,82,0,1542
16777234,3547200,5,cell_3,132579601,159,1,1,28,7,255,6615056,e4a911d045a81111ccec57a002355e16,5cba29c06294c278e73e9261d04a0fd7,a3f390d88e4c41f2747bfa2f1b5f87db,4294967295,144,3,9,4,8,0,2,1,73820,9,0,1,1,144,3,9,4,8,0,0,0,1,,,,;,,,,,,,,72,-1,-1,4294967295,0,-1,;,-1,;,-1,;,-1,0,-1,;,-1,;,-1,-1,0,1542
16777234,3547200,6,cell_3,132579601,159,5,1,97,3,255,6615056,88ed207e8c8b7465b3a3f608cf892ffb,5cba29c06294c278e73e9261d04a0fd7,ad61ab143223efbc24c7d2583be69251,4294967295,151,0,7,1,5,0,2,1,88920,3,5,0,3,151,0,7,1,5,0,0,0,1,,,,;,,,,,,,,69,-1,-1,4294967295,0,-1,;,-1,;,-1,;,-1,0,-1,;,-1,;,-1,-1,0,1542
16777234,3547200,7,cell_4,132579601,180,4,2,67,5,255,6615057,fdf78e1a4477d383cec069f506f261fb,3cfacd1beeeb00db3c2afc128dc13b7c,c4ca4238a0b923820dcc509a6f75849b,4294967295,153,7,3,1,7,0,2,1,26851,5,7,4,6,153,7,3,1,7,0,0,0,1,,,,;,,,,,,,,199,100000000,500000000,4294967295,0,-122,;,116,;,51,;,5,0,116,;,-1,;,-1,102,0,1542
16777234,3547200,8,cell_3,132579601,180,5,1,35,8,255,6615056,99b4c5191f99c81d5d62f981bcbeddb5,5cba29c06294c278e73e9261d04a0fd7,ad61ab143223efbc24c7d2583be69251,4294967295,155,7,6,9,5,0,2,1,88921,0,3,4,9,155,7,6,9,5,0,0,0,1,,,,;,,,,,,,,199,76800000,307200000,4294967295,0,-122,;,50,;,53,;,6,0,20,;,-1,;,-1,8,0,1542
16777234,3547200,9,cell_3,132579601,182,8,1,0,2,255,6615056,a3732869b8c1cb7f8be8a4540b564979,5cba29c06294c278e73e9261d04a0fd7,3295c76acbf4caaed33c36b1b5fc2cb1,4294967295,165,4,7,6,6,0,2,1,63754,9,8,8,2,165,4,7,6,6,0,0,0,1,,,,;,,,,,,,,199,110100000,346029000,4294967295,0,-122,;,81,;,98,;,3,0,48,;,-1,;,-1,1,0,1542
16777234,3547201,0,cell_4,132579601,184,5,2,82,1,255,6615056,103bf41ce22a747b31366a9f8c50f721,5cba29c06294c278e73e9261d04a0fd7,ea5d2f1c4608232e07d3aa3d998e5135,4294967295,134,2,7,4,2,0,2,1,122474,4,0,3,2,134,2,7,4,2,0,0,0,1,,,,;,,,,,,,,199,110100000,346029000,4294967295,0,-122,;,22,;,97,;,4,0,84,;,-1,;,-1,18,0,1542
16777234,3547201,1,cell_4,132579601,184,7,2,15,6,255,6615056,7814944efa7f9283e9c6e91a027b1741,5cba29c06294c278e73e9261d04a0fd7,32bb90e8976aab5298d5da10fe66f21d,4294967295,139,9,5,3,6,0,2,1,8389,0,4,0,4,139,9,5,3,6,0,0,0,1,,,,;,,,,,,,,199,78643000,314572000,4294967295,0,-122,;,-107,;,-111,;,4,0,20,;,-1,;,-1,117,0,1542
16777234,3547201,2,cell_3,132579601,185,0,1,39,3,255,6615056,51644b58caac2c04553f2d7bed8e9898,5cba29c06294c278e73e9261d04a0fd7,ad61ab143223efbc24c7d2583be69251,4294967295,141,3,4,4,2,0,2,1,88919,8,8,3,2,141,3,4,4,2,0,0,0,1,,,,;,,,,,,,,199,76800000,307200000,4294967295,0,-122,;,50,;,53,;,6,0,20,;,-1,;,-1,8,0,1542
16777234,3547201,3,cell_4,132579601,204,9,2,60,6,255,6615056,ebf22575618e5ae9277d0de60131161a,5cba29c06294c278e73e9261d04a0fd7,3295c76acbf4caaed33c36b1b5fc2cb1,4294967295,141,9,5,4,4,0,2,1,63753,4,8,4,6,141,9,5,4,4,0,0,0,1,,,,;,,,,,,,,72,-1,-1,4294967295,0,-1,;,-1,;,-1,;,-1,0,-1,;,-1,;,-1,-1,0,1542
16777234,3547201,4,cell_4,132579601,205,8,2,30,4,255,6615056,df56819a5321575bbbd72b09fb6b8ec7,5cba29c06294c278e73e9261d04a0fd7,ad61ab143223efbc24c7d2583be69251,4294967295,146,7,4,3,7,0,2,1,88920,8,4,3,7,146,7,4,3,7,0,0,0,1,,,,;,,,,,,,,199,102400000,512000000,4294967295,0,-122,;,-106,;,82,;,5,0,116,;,-1,;,-1,1,0,1542
16777234,3547201,5,cell_4,132579601,206,5,2,69,0,255,6615056,f3a98250072f69988a96869090c692b9,5cba29c06294c278e73e9261d04a0fd7,3295c76acbf4caaed33c36b1b5fc2cb1,4294967295,148,6,8,5,5,0,2,1,63755,0,9,9,6,148,6,8,5,5,0,0,0,1,,,,;,,,,,,,,199,78643000,314572000,4294967295,0,53,;,-110,;,69,;,6,0,119,;,-1,;,-1,66,0,1542
16777234,3547201,6,cell_4,132579601,208,8,2,7,4,255,6615056,7b40dccb7b4d42bd421b93dd7529e352,5cba29c06294c278e73e9261d04a0fd7,7cbbc409ec990f19c78c75bd1e06f215,4294967295,154,8,7,0,6,0,2,1,144286,1,8,4,1,154,8,7,0,6,0,0,0,1,,,,;,,,,,,,,199,110100000,346029000,4294967295,0,-122,;,-109,;,32,;,3,0,89,;,-1,;,-1,39,0,1542
16777234,3547201,7,cell_4,132579601,210,6,2,47,1,255,6615056,93d97d02d05ee84e021b6d8d75ee1890,5cba29c06294c278e73e9261d04a0fd7,ad61ab143223efbc24c7d2583be69251,4294967295,157,3,5,7,1,0,2,1,88920,2,0,7,2,157,3,5,7,1,0,0,0,1,,,,;,,,,,,,,199,38829000,38829000,4294967295,0,-122,;,70,;,85,;,4,0,34,;,-1,;,-1,-112,0,1542
16777234,3547201,8,cell_4,132579601,210,7,2,8,4,255,6615056,3747d5f326eaa8b1f4b139484fa85d10,5cba29c06294c278e73e9261d04a0fd7,3295c76acbf4caaed33c36b1b5fc2cb1,4294967295,162,8,8,5,2,0,2,1,63755,6,5,7,7,162,8,8,5,2,0,0,0,1,,,,;,,,,,,,,199,102400000,512000000,4294967295,0,-122,;,35,;,81,;,6,0,87,;,-1,;,-1,99,0,1542
16777234,3547201,9,cell_4,132579601,234,5,2,81,4,255,6615057,e806465045995a28889b874e64ca9379,3cfacd1beeeb00db3c2afc128dc13b7c,cfcd208495d565ef66e7dff9f98764da,4294967295,165,8,8,7,6,0,2,1,179517,5,0,3,6,165,8,8,7,6,0,0,0,1,,,,;,,,,,,,,199,100000000,500000000,4294967295,0,53,;,101,;,-121,;,16,0,96,;,-1,;,-1,34,0,1542
16777234,3887506,3,cell_3,132579600,152245,4,1,13,3,255,6615056,34d781979b5be9e2b9e52e7e3e1df255,5cba29c06294c278e73e9261d04a0fd7,a3f390d88e4c41f2747bfa2f1b5f87db,4294967295,74,2,8,6,2,0,2,1,73820,5,8,1,6,74,2,8,6,2,0,0,0,1,,,,;,,,,,,,,72,-1,-1,4294967295,0,-1,;,-1,;,-1,;,-1,0,-1,;,-1,;,-1,-1,0,1542
16777234,3887506,4,cell_3,132579600,152246,5,1,26,0,255,6615056,1173308f8d9516c4435a1bd091d97bbb,5cba29c06294c278e73e9261d04a0fd7,ad61ab143223efbc24c7d2583be69251,4294967295,78,5,8,2,7,0,2,1,88920,0,4,5,7,78,5,8,2,7,0,0,0,1,,,,;,,,,,,,,199,76800000,307200000,4294967295,0,-122,;,-104,;,2,;,5,0,-119,;,-1,;,-1,112,0,1542
16777234,3887506,5,cell_3,132579600,152247,1,1,14,2,255,6615056,4e855fa29e0fd0c115f156bc36516115,5cba29c06294c278e73e9261d04a0fd7,7cbbc409ec990f19c78c75bd1e06f215,4294967295,82,2,1,1,8,0,2,1,144284,6,9,1,7,82,2,1,1,8,0,0,0,1,,,,;,,,,,,,,199,102400000,512000000,4294967295,0,53,;,-123,;,32,;,8,0,-120,;,-1,;,-1,57,0,1542
16777234,3887506,6,cell_4,132579600,152247,1,2,61,2,255,6615056,418bda83e6c3b6f273ec0cd5fc2bb59b,5cba29c06294c278e73e9261d04a0fd7,a3f390d88e4c41f2747bfa2f1b5f87db,4294967295,88,6,7,2,5,0,2,1,73820,9,5,9,9,88,6,7,2,5,0,0,0,1,,,,;,,,,,,,,199,136314000,555745000,4294967295,0,-122,;,-123,;,80,;,3,0,22,;,-1,;,-1,121,0,1542
16777234,3887506,7,cell_3,132579600,152248,6,1,81,5,255,6615056,92022c1b05e99967ae8c83ae42e0c7e1,5cba29c06294c278e73e9261d04a0fd7,ea5d2f1c4608232e07d3aa3d998e5135,4294967295,91,2,3,0,3,0,2,1,122474,8,0,9,1,91,2,3,0,3,0,0,0,1,,,,;,,,,,,,,199,102400000,512000000,4294967295,0,53,;,103,;,55,;,17,0,-104,;,-1,;,-1,34,0,1542
16777234,3887506,8,cell_4,132579600,152248,8,2,9,1,255,6615056,bd6ea6824152d215080ab1c6cbd26808,5cba29c06294c278e73e9261d04a0fd7,3295c76acbf4caaed33c36b1b5fc2cb1,4294967295,98,5,3,0,9,0,2,1,63755,2,1,2,1,98,5,3,0,9,0,0,0,1,,,,;,,,,,,,,199,102400000,512000000,4294967295,0,-122,;,35,;,81,;,6,0,87,;,-1,;,-1,99,0,1542
16777234,3887506,9,cell_4,132579601,2,9,2,43,5,255,6615056,9633b1c68a7ac53f28730ef0f977c78d,5cba29c06294c278e73e9261d04a0fd7,3295c76acbf4caaed33c36b1b5fc2cb1,4294967295,99,1,9,8,6,0,2,1,63753,8,3,8,5,99,1,9,8,6,0,0,0,1,,,,;,,,,,,,,199,102400000,512000000,4294967295,0,-122,;,35,;,81,;,6,0,87,;,-1,;,-1,99,0,1542
16777234,3887507,0,cell_4,132579601,3,7,2,48,3,255,6615056,b84bd63beb82dd46c9c535f7b5514c03,5cba29c06294c278e73e9261d04a0fd7,ad61ab143223efbc24c7d2583be69251,4294967295,100,0,8,6,2,0,2,1,88919,8,0,1,1,100,0,8,6,2,0,0,0,1,,,,;,,,,,,,,199,110100000,346029000,4294967295,0,-122,;,9,;,33,;,4,0,67,;,-1,;,-1,0,0,1542
16777234,3887507,1,cell_3,132579601,3,7,1,74,1,255,6615056,e275476de08c1e31720c290008745606,5cba29c06294c278e73e9261d04a0fd7,32bb90e8976aab5298d5da10fe66f21d,4294967295,67,2,2,6,3,0,2,1,8390,7,0,7,5,67,2,2,6,3,0,0,0,2,,,-114.0,;,27.0,;,22.0,;,26.0,;,-105.0,72,-1,-1,4294967295,0,-1,;,-1,;,-1,;,-1,0,-1,;,-1,;,-1,-1,0,1542
16777234,3887507,2,cell_3,132579601,4,5,1,27,4,255,6615056,699e09df0ed52a2d702c3bc9668e58db,5cba29c06294c278e73e9261d04a0fd7,ad61ab143223efbc24c7d2583be69251,4294967295,73,6,2,6,9,0,2,1,88920,3,1,9,0,73,6,2,6,9,0,0,0,1,,,,;,,,,,,,,199,76800000,307200000,4294967295,0,-122,;,-104,;,2,;,5,0,-119,;,-1,;,-1,112,0,1542
16777234,3887507,3,cell_4,132579601,4,5,2,94,0,255,6615056,4c24a97275798a4d2dfc90ebd866a85b,5cba29c06294c278e73e9261d04a0fd7,3295c76acbf4caaed33c36b1b5fc2cb1,4294967295,78,2,7,6,4,0,2,1,63755,6,6,9,4,78,2,7,6,4,0,0,0,1,,,,;,,,,,,,,199,110100000,346029000,4294967295,0,53,;,48,;,87,;,9,0,24,;,-1,;,-1,68,0,1542
16777234,3887507,4,cell_3,132579601,5,0,1,92,8,255,6615056,78e5ab03f8abec64f91004d7d501a35e,5cba29c06294c278e73e9261d04a0fd7,7cbbc409ec990f19c78c75bd1e06f215,4294967295,81,4,1,1,5,0,2,1,144284,4,1,7,5,81,4,1,1,5,0,0,0,1,,,,;,,,,,,,,199,102400000,512000000,4294967295,0,53,;,-123,;,32,;,8,0,-120,;,-1,;,-1,57,0,1542
16777234,3887507,5,cell_4,132579601,27,5,2,39,2,255,6615056,f2526d409c4da0f1b25dd3310217b291,5cba29c06294c278e73e9261d04a0fd7,3295c76acbf4caaed33c36b1b5fc2cb1,4294967295,82,1,0,8,9,0,2,1,63754,2,0,8,9,82,1,0,8,9,0,0,0,1,,,,;,,,,,,,,72,-1,-1,4294967295,0,-1,;,-1,;,-1,;,-1,0,-1,;,-1,;,-1,-1,0,1542
16777234,3887507,6,cell_3,132579601,27,8,1,72,4,255,6615056,8425d34ae9e7556142b41b4c5df7c168,5cba29c06294c278e73e9261d04a0fd7,32bb90e8976aab5298d5da10fe66f21d,4294967295,89,3,2,6,2,0,2,1,8389,8,2,6,0,89,3,2,6,2,0,0,0,1,,,,;,,,,,,,,199,102400000,512000000,4294967295,0,-122,;,-124,;,-112,;,4,0,83,;,-1,;,-1,0,0,1542
16777234,3887507,7,cell_3,132579601,28,5,1,73,7,255,6615057,f6527b293a610a83358d00fc357642fe,3cfacd1beeeb00db3c2afc128dc13b7c,c4ca4238a0b923820dcc509a6f75849b,4294967295,96,3,2,1,6,0,2,1,26850,1,9,4,3,96,3,2,1,6,0,0,0,1,,,,;,,,,,,,,199,100000000,500000000,4294967295,0,53,;,41,;,117,;,17,0,121,;,-1,;,-1,17,0,1542
16777234,3887507,8,cell_3,132579601,30,1,1,29,0,255,6615056,09ef41ca733845cbd1aeab6aaec77b17,5cba29c06294c278e73e9261d04a0fd7,ea5d2f1c4608232e07d3aa3d998e5135,4294967295,67,1,9,3,3,0,2,1,122475,0,7,9,8,67,1,9,3,3,0,0,0,2,,,42.0,;,-23.0,;,4.0,;,83.0,;,42.0,72,-1,-1,4294967295,0,-1,;,-1,;,-1,;,-1,0,-1,;,-1,;,-1,-1,0,1542
16777234,3887507,9,cell_3,132579601,30,5,1,35,5,255,6615056,1d31fa14827df21ddb4f3db1b925c67a,5cba29c06294c278e73e9261d04a0fd7,7cbbc409ec990f19c78c75bd1e06f215,4294967295,72,1,4,3,1,0,2,1,144285,8,6,7,3,72,1,4,3,1,0,0,0,1,,,,;,,,,,,,,199,102400000,512000000,4294967295,0,-122,;,-112,;,73,;,6,0,89,;,-1,;,-1,0,0,1542
16777234,3887508,0,cell_4,132579601,30,7,2,46,7,255,6615056,85be36147362d34d4780120f40fefaea,5cba29c06294c278e73e9261d04a0fd7,a3f390d88e4c41f2747bfa2f1b5f87db,4294967295,77,1,2,1,6,0,2,1,73820,2,8,7,9,77,1,2,1,6,0,0,0,1,,,,;,,,,,,,,199,136314000,555745000,4294967295,0,53,;,56,;,-104,;,16,0,65,;,-1,;,-1,39,0,1542
16777234,3887508,1,cell_3,132579601,31,1,1,29,5,255,6615056,3f0d4b32aa51d4636268eb0453b6fa97,5cba29c06294c278e73e9261d04a0fd7,a3f390d88e4c41f2747bfa2f1b5f87db,4294967295,80,3,4,4,6,0,2,1,73821,6,2,3,0,80,3,4,4,6,0,0,0,1,,,,;,,,,,,,,72,-1,-1,4294967295,0,-1,;,-1,;,-1,;,-1,0,-1,;,-1,;,-1,-1,0,1542
16777234,3887508,2,cell_4,132579601,31,4,2,3,1,255,6615056,22418038dfb41707d9a652b33e5e6241,5cba29c06294c278e73e9261d04a0fd7,32bb90e8976aab5298d5da10fe66f21d,4294967295,89,8,5,5,2,0,2,1,8388,6,8,7,2,89,8,5,5,2,0,0,0,1,,,,;,,,,,,,,199,78643000,314572000,4294967295,0,-122,;,-107,;,-111,;,4,0,20,;,-1,;,-1,117,0,1542
16777234,3887508,3,cell_4,132579601,31,4,2,74,3,255,6615056,b5aa87fe1be862800ee6a6931c2eebf2,5cba29c06294c278e73e9261d04a0fd7,7cbbc409ec990f19c78c75bd1e06f215,4294967295,95,0,2,9,7,0,2,1,144284,8,9,9,2,95,0,2,9,7,0,0,0,1,,,,;,,,,,,,,199,76800000,307200000,4294967295,0,-122,;,118,;,118,;,4,0,-125,;,-1,;,-1,117,0,1542
16777234,3887508,4,cell_3,132579601,31,5,1,92,8,255,6615056,558a0f2327fba4d16559d510ae07c9af,5cba29c06294c278e73e9261d04a0fd7,3295c76acbf4caaed33c36b1b5fc2cb1,4294967295,100,1,6,5,8,0,2,1,63755,1,0,2,3,100,1,6,5,8,0,0,0,1,,,,;,,,,,,,,199,110100000,346029000,4294967295,0,-122,;,87,;,-121,;,4,0,7,;,-1,;,-1,0,0,1542
16777234,3887508,5,cell_3,132579601,53,0,1,76,7,255,6615056,10388843a7fadb8a1851611bacb2630f,5cba29c06294c278e73e9261d04a0fd7,a3f390d88e4c41f2747bfa2f1b5f87db,4294967295,67,2,1,9,9,0,2,1,73820,8,9,8,4,67,2,1,9,9,0,0,0,1,,,,;,,,,,,,,72,-1,-1,4294967295,0,-1,;,-1,;,-1,;,-1,0,-1,;,-1,;,-1,-1,0,1542
16777234,3887508,6,cell_4,132579601,53,1,2,54,7,255,6615056,80a2525807e632bb11bef4978400216d,5cba29c06294c278e73e9261d04a0fd7,a3f390d88e4c41f2747bfa2f1b5f87db,4294967295,71,4,5,6,0,0,2,1,73821,0,5,6,6,71,4,5,6,0,0,0,0,1,,,,;,,,,,,,,199,136314000,555745000,4294967295,0,-122,;,-123,;,80,;,3,0,22,;,-1,;,-1,121,0,1542
16777234,3887508,7,cell_3,132579601,53,4,1,46,9,255,6615056,2856e2cefd058ec73367990843ab51b5,5cba29c06294c278e73e9261d04a0fd7,ad61ab143223efbc24c7d2583be69251,4294967295,76,3,6,1,6,0,2,1,88921,3,5,9,4,76,3,6,1,6,0,0,0,1,,,,;,,,,,,,,199,76800000,307200000,4294967295,0,-122,;,-104,;,2,;,5,0,-119,;,-1,;,-1,112,0,1542
16777234,3887508,8,cell_4,132579601,53,4,2,91,2,255,6615056,926bc0ffe79a240001239b23b34623e1,5cba29c06294c278e73e9261d04a0fd7,a3f390d88e4c41f2747bfa2f1b5f87db,4294967295,78,4,2,5,1,0,2,1,73820,0,2,5,9,78,4,2,5,1,0,0,0,1,,,,;,,,,,,,,199,136314000,555745000,4294967295,0,53,;,56,;,-104,;,16,0,65,;,-1,;,-1,39,0,1542
16777234,3887508,9,cell_4,132579601,55,9,2,99,1,255,6615056,58f7099b06e19612a8e089f832d91f5c,5cba29c06294c278e73e9261d04a0fd7,ad61ab143223efbc24c7d2583be69251,4294967295,83,0,1,9,8,0,2,1,88919,8,4,9,6,83,0,1,9,8,0,0,0,1,,,,;,,,,,,,,199,38829000,38829000,4294967295,0,-122,;,70,;,85,;,4,0,34,;,-1,;,-1,-112,0,1542
16777234,3887509,0,cell_4,132579601,56,1,2,44,8,255,6615056,7fbaf7f16a1c0bb320c7c93387f5bdbc,5cba29c06294c278e73e9261d04a0fd7,3295c76acbf4caaed33c36b1b5fc2cb1,4294967295,90,1,5,2,4,0,2,1,63755,5,3,4,2,90,1,5,2,4,0,0,0,1,,,,;,,,,,,,,199,78643000,314572000,4294967295,0,-122,;,87,;,99,;,3,0,98,;,-1,;,-1,40,0,1542
16777234,3887509,1,cell_3,132579601,56,2,1,60,3,255,6615056,e6bdb608bc6712014239744ac9ef369d,5cba29c06294c278e73e9261d04a0fd7,a3f390d88e4c41f2747bfa2f1b5f87db,4294967295,96,5,7,2,5,0,2,1,73821,4,3,6,5,96,5,7,2,5,0,0,0,1,,,,;,,,,,,,,199,136314000,555745000,4294967295,0,-122,;,33,;,32,;,4,0,86,;,-1,;,-1,104,0,1542
16777234,3887509,2,cell_3,132579601,78,6,1,81,8,255,6615056,d76ed2f9a25b809225a903c7a9419889,5cba29c06294c278e73e9261d04a0fd7,3295c76acbf4caaed33c36b1b5fc2cb1,4294967295,100,4,2,7,0,0,2,1,63754,7,6,9,0,100,4,2,7,0,0,0,0,1,,,,;,,,,,,,,199,102400000,512000000,4294967295,0,-122,;,82,;,35,;,4,0,-108,;,-1,;,-1,112,0,1542
16777234,3887509,3,cell_3,132579601,80,0,1,32,4,255,6615057,a6e9583b6c13aec3f208279ab925a22e,3cfacd1beeeb00db3c2afc128dc13b7c,cfcd208495d565ef66e7dff9f98764da,4294967295,67,1,3,5,0,0,2,1,179516,7,0,2,5,67,1,3,5,0,0,0,0,1,,,,;,,,,,,,,72,-1,-1,4294967295,0,-1,;,-1,;,-1,;,-1,0,-1,;,-1,;,-1,-1,0,1542
16777234,3887509,4,cell_3,132579601,81,4,1,52,7,255,6615056,27d46223c1eee5c075583bcf3ce0eef6,5cba29c06294c278e73e9261d04a0fd7,ea5d2f1c4608232e07d3aa3d998e5135,4294967295,77,1,9,1,4,0,2,1,122473,7,8,9,1,77,1,9,1,4,0,0,0,2,,,37.0,;,-37.0,;,33.0,;,63.0,;,37.0,72,-1,-1,4294967295,0,-1,;,-1,;,-1,;,-1,0,-1,;,-1,;,-1,-1,0,1542
16777234,3887509,5,cell_3,132579601,82,1,1,24,5,255,6615056,904e77ad8f2c5612c17739dee8a867f5,5cba29c06294c278e73e9261d04a0fd7,7cbbc409ec990f19c78c75bd1e06f215,4294967295,82,8,9,7,3,0,2,1,144284,8,4,2,8,82,8,9,7,3,0,0,0,1,,,,;,,,,,,,,199,30000000,30000000,4294967295,0,-122,;,-104,;,2,;,5,0,83,;,-1,;,-1,23,0,1542
16777234,3887509,6,cell_3,132579601,102,5,1,1,4,255,6615056,e3b74a407b84938b0bd13b7334afee76,5cba29c06294c278e73e9261d04a0fd7,7cbbc409ec990f19c78c75bd1e06f215,4294967295,87,9,2,8,5,0,2,1,144284,4,3,8,6,87,9,2,8,5,0,0,0,1,,,,;,,,,,,,,199,102400000,512000000,4294967295,0,-122,;,-112,;,73,;,6,0,89,;,-1,;,-1,0,0,1542
16777234,3887509,7,cell_3,132579601,104,4,1,37,8,255,6615056,56e7519e3a7899ab39e0c11e6b0d70af,5cba29c06294c278e73e9261d04a0fd7,a3f390d88e4c41f2747bfa2f1b5f87db,4294967295,91,6,2,5,3,0,2,1,73820,7,4,5,6,91,6,2,5,3,0,0,0,1,,,,;,,,,,,,,199,50000000,150000000,4294967295,0,-122,;,39,;,16,;,5,0,72,;,-1,;,-1,0,0,1542
16777234,3887509,8,cell_4,132579601,104,5,2,3,9,255,6615056,a6788eee8c499dca94ac11c4d027a00d,5cba29c06294c278e73e9261d04a0fd7,ad61ab143223efbc24c7d2583be69251,4294967295,97,7,1,5,7,0,2,1,88921,0,2,6,9,97,7,1,5,7,0,0,0,1,,,,;,,,,,,,,199,136314000,555745000,4294967295,0,-122,;,82,;,35,;,4,0,33,;,-1,;,-1,112,0,1542
16777234,3887509,9,cell_3,132579601,107,1,1,75,2,255,6615056,0e94c43737058eada7d4eee07971ed7f,5cba29c06294c278e73e9261d04a0fd7,7cbbc409ec990f19c78c75bd1e06f215,4294967295,67,1,6,9,2,0,2,1,144284,3,5,1,6,67,1,6,9,2,0,0,0,1,,,,;,,,,,,,,199,102400000,512000000,4294967295,0,-122,;,-112,;,73,;,6,0,89,;,-1,;,-1,0,0,1542
16777234,3887510,0,cell_3,132579601,107,4,1,29,7,255,6615056,0813c7f34a5cca3eb9c3e6371e3043f0,5cba29c06294c278e73e9261d04a0fd7,32bb90e8976aab5298d5da10fe66f21d,4294967295,73,7,1,6,9,0,2,1,8388,6,9,1,0,73,7,1,6,9,0,0,0,1,,,,;,,,,,,,,199,134857000,554288000,4294967295,0,-122,;,16,;,117,;,5,0,2,;,-1,;,-1,116,0,1542
16777234,3887510,1,cell_3,132579601,108,1,1,70,3,255,6615056,f37d063c0731fe472414fd0f7c338893,5cba29c06294c278e73e9261d04a0fd7,ad61ab143223efbc24c7d2583be69251,4294967295,75,2,1,8,7,0,2,1,88919,9,1,0,4,75,2,1,8,7,0,0,0,1,,,,;,,,,,,,,199,136314000,555745000,4294967295,0,-122,;,99,;,40,;,4,0,121,;,-1,;,-1,116,0,1542
16777234,3887510,2,cell_3,132579601,130,7,1,34,6,255,6615056,86f097c4350c69fb68ce95cd1c782717,5cba29c06294c278e73e9261d04a0fd7,ea5d2f1c4608232e07d3aa3d998e5135,4294967295,75,5,2,6,9,0,2,1,122474,8,5,0,3,75,5,2,6,9,0,0,0,1,,,,;,,,,,,,,199,104857000,524288000,4294967295,0,-122,;,19,;,9,;,4,0,85,;,-1,;,-1,70,0,1542
16777234,3887510,3,cell_3,132579601,130,8,1,16,2,255,6615056,c6ee05be4971d222ef2977c7d0c6cd5d,5cba29c06294c278e73e9261d04a0fd7,32bb90e8976aab5298d5da10fe66f21d,4294967295,76,5,1,7,8,0,2,1,8390,7,5,0,4,76,5,1,7,8,0,0,0,2,,,102.0,;,-71.0,;,-109.0,;,-12.0,;,100.0,72,-1,-1,4294967295,0,-1,;,-1,;,-1,;,-1,0,-1,;,-1,;,-1,-1,0,1542
16777234,3887510,4,cell_4,132579601,130,9,2,22,7,255,6615056,98d7556933f9b547ccf3d99ee417b81b,5cba29c06294c278e73e9261d04a0fd7,3295c76acbf4caaed33c36b1b5fc2cb1,4294967295,79,4,6,2,7,0,2,1,63755,5,0,6,8,79,4,6,2,7,0,0,0,1,,,,;,,,,,,,,199,136314000,555745000,4294967295,0,53,;,101,;,-123,;,16,0,116,;,-1,;,-1,49,0,1542
16777234,3887510,5,cell_3,132579601,130,9,1,22,8,255,6615056,1286cf1aea5ea3ba02f9025a1eef9c2e,5cba29c06294c278e73e9261d04a0fd7,a3f390d88e4c41f2747bfa2f1b5f87db,4294967295,82,8,2,8,6,0,2,1,73820,5,6,8,8,82,8,2,8,6,0,0,0,2,,,-106.0,;,104.0,;,-23.0,;,10.0,;,-66.0,72,-1,-1,4294967295,0,-1,;,-1,;,-1,;,-1,0,-1,;,-1,;,-1,-1,0,1542
16777234,3887510,6,cell_3,132579601,133,3,1,84,6,255,6615056,912aaa4e7c72381de4b1c07c5189d3dc,5cba29c06294c278e73e9261d04a0fd7,7cbbc409ec990f19c78c75bd1e06f215,4294967295,87,6,1,2,1,0,2,1,144284,5,7,9,1,87,6,1,2,1,0,0,0,1,,,,;,,,,,,,,199,102400000,512000000,4294967295,0,-122,;,-112,;,73,;,6,0,89,;,-1,;,-1,0,0,1542
16777234,3887510,7,cell_4,132579601,133,4,2,99,6,255,6615056,57e6ed3b4e3b8b44029cc62f31d20cb1,5cba29c06294c278e73e9261d04a0fd7,3295c76acbf4caaed33c36b1b5fc2cb1,4294967295,91,4,9,2,7,0,2,1,63755,0,7,6,2,91,4,9,2,7,0,0,0,1,,,,;,,,,,,,,199,50000000,150000000,4294967295,0,-122,;,81,;,113,;,5,0,6,;,-1,;,-1,0,0,1542
16777234,3887510,8,cell_4,132579601,133,6,2,63,9,255,6615056,2545e64f282644f2dd85310d16023286,5cba29c06294c278e73e9261d04a0fd7,ea5d2f1c4608232e07d3aa3d998e5135,4294967295,94,1,8,7,5,0,2,1,122475,6,4,4,9,94,1,8,7,5,0,0,0,1,,,,;,,,,,,,,199,110100000,346029000,4294967295,0,-122,;,22,;,97,;,4,0,84,;,-1,;,-1,18,0,1542
16777234,3887510,9,cell_4,132579601,153,9,2,10,5,255,6615056,0f61c7d8344b3236a2c7c72ca2272583,5cba29c06294c278e73e9261d04a0fd7,ad61ab143223efbc24c7d2583be69251,4294967295,99,4,7,6,8,0,2,1,88919,7,8,7,7,99,4,7,6,8,0,0,0,1,,,,;,,,,,,,,199,38829000,38829000,4294967295,0,-122,;,70,;,85,;,4,0,34,;,-1,;,-1,-112,0,1542
16777234,3887511,0,cell_3,132579601,154,0,1,33,5,255,6615056,9c030de3d30af132983730ecb5e1abfe,5cba29c06294c278e73e9261d04a0fd7,32bb90e8976aab5298d5da10fe66f21d,4294967295,67,2,6,2,9,0,2,1,8390,5,1,3,2,67,2,6,2,9,0,0,0,1,,,,;,,,,,,,,199,102400000,512000000,4294967295,0,-122,;,-124,;,-112,;,4,0,83,;,-1,;,-1,0,0,1542
16777234,3887511,1,cell_3,132579601,157,4,1,74,1,255,6615056,242e2731b227eb6ec5d6241316fe1138,5cba29c06294c278e73e9261d04a0fd7,ea5d2f1c4608232e07d3aa3d998e5135,4294967295,71,8,6,6,7,0,2,1,122475,5,7,7,5,71,8,6,6,7,0,0,0,1,,,,;,,,,,,,,199,102400000,512000000,4294967295,0,53,;,103,;,55,;,17,0,-104,;,-1,;,-1,34,0,1542
16777234,3887511,2,cell_4,132579601,158,0,2,29,5,255,6615056,201790af9c78c1d54af811bae45547bc,5cba29c06294c278e73e9261d04a0fd7,ad61ab143223efbc24c7d2583be69251,4294967295,78,6,6,8,2,0,2,1,88920,9,7,6,5,78,6,6,8,2,0,0,0,1,,,,;,,,,,,,,199,110100000,346029000,4294967295,0,-122,;,9,;,33,;,4,0,67,;,-1,;,-1,0,0,1542
16777234,3887511,3,cell_4,132579601,158,9,2,37,9,255,6615056,bb784728496ce173ec132c26e5b5d50a,5cba29c06294c278e73e9261d04a0fd7,ea5d2f1c4608232e07d3aa3d998e5135,4294967295,84,0,5,1,4,0,2,1,122475,5,1,5,5,84,0,5,1,4,0,0,0,1,,,,;,,,,,,,,199,100000000,500000000,4294967295,0,-122,;,121,;,52,;,4,0,68,;,-1,;,-1,-110,0,1542
16777234,3887511,4,cell_3,132579601,158,9,1,53,9,255,6615056,c210da6cb3565fa5edb51b0b6e34671d,5cba29c06294c278e73e9261d04a0fd7,a3f390d88e4c41f2747bfa2f1b5f87db,4294967295,86,2,4,5,6,0,2,1,73819,7,8,1,8,86,2,4,5,6,0,0,0,1,,,,;,,,,,,,,199,50000000,150000000,4294967295,0,-122,;,39,;,16,;,5,0,72,;,-1,;,-1,0,0,1542
16777234,3887511,5,cell_3,132579601,179,2,1,14,3,255,6615056,30041c739c4a346bf34ef4b850007dad,5cba29c06294c278e73e9261d04a0fd7,32bb90e8976aab5298d5da10fe66f21d,4294967295,92,0,9,7,9,0,2,1,8389,5,0,8,3,92,0,9,7,9,0,0,0,1,,,,;,,,,,,,,199,102400000,512000000,4294967295,0,-122,;,-124,;,-112,;,4,0,83,;,-1,;,-1,0,0,1542
16777234,3887511,6,cell_4,132579601,180,4,2,68,5,255,6615056,c64ed773841104d2e1e062755fc774b0,5cba29c06294c278e73e9261d04a0fd7,7cbbc409ec990f19c78c75bd1e06f215,4294967295,97,4,2,3,5,0,2,1,144285,3,6,4,3,97,4,2,3,5,0,0,0,2,,,-36.0,;,-54.0,;,-126.0,;,66.0,;,-36.0,72,-1,-1,4294967295,0,-1,;,-1,;,-1,;,-1,0,-1,;,-1,;,-1,-1,0,1542
16777234,3887511,7,cell_3,132579601,180,9,1,12,0,255,6615056,11d387540dd7cff6b0d4fe9bb1b78755,5cba29c06294c278e73e9261d04a0fd7,a3f390d88e4c41f2747bfa2f1b5f87db,4294967295,67,2,2,4,9,0,2,1,73820,5,4,3,9,67,2,2,4,9,0,0,0,1,,,,;,,,,,,,,199,50000000,150000000,4294967295,0,-122,;,39,;,16,;,5,0,72,;,-1,;,-1,0,0,1542
16777234,3887511,8,cell_3,132579601,181,9,1,97,3,255,6615056,c295c516eac37620ee1e1a40bb05f9c2,5cba29c06294c278e73e9261d04a0fd7,ea5d2f1c4608232e07d3aa3d998e5135,4294967295,74,1,1,7,3,0,2,1,122474,3,9,4,4,74,1,1,7,3,0,0,0,1,,,,;,,,,,,,,199,108643000,344572000,4294967295,0,-122,;,-107,;,115,;,3,0,72,;,-1,;,-1,117,0,1542
16777234,3887511,9,cell_4,132579601,182,3,2,83,8,255,6615056,e8f1be3aab0fcd3dd3c34e1eb2b38c73,5cba29c06294c278e73e9261d04a0fd7,ad61ab143223efbc24c7d2583be69251,4294967295,75,6,4,4,9,0,2,1,88921,0,2,3,8,75,6,4,4,9,0,0,0,1,,,,;,,,,,,,,199,31457000,31457000,4294967295,0,-122,;,6,;,104,;,5,0,48,;,-1,;,-1,-112,0,1542
16777234,3887512,0,cell_4,132579601,183,0,2,48,1,255,6615056,b66562bf51418989037368fb5acc7153,5cba29c06294c278e73e9261d04a0fd7,a3f390d88e4c41f2747bfa2f1b5f87db,4294967295,77,9,2,8,1,0,2,1,73820,9,9,6,0,77,9,2,8,1,0,0,0,1,,,,;,,,,,,,,199,136314000,555745000,4294967295,0,-122,;,20,;,1,;,4,0,-120,;,-1,;,-1,9,0,1542
16777234,3887512,1,cell_4,132579601,183,9,2,93,7,255,6615056,1936ac56f8ff7b4c5200e973d49efcc8,5cba29c06294c278e73e9261d04a0fd7,ad61ab143223efbc24c7d2583be69251,4294967295,80,9,1,5,6,0,2,1,88919,9,9,4,0,80,9,1,5,6,0,0,0,1,,,,;,,,,,,,,199,38829000,38829000,4294967295,0,-122,;,70,;,85,;,4,0,34,;,-1,;,-1,-112,0,1542
16777234,3887512,2,cell_3,132579601,184,0,1,96,1,255,6615056,13a674d8e4433f4e004b047b614ac0c1,5cba29c06294c278e73e9261d04a0fd7,ea5d2f1c4608232e07d3aa3d998e5135,4294967295,84,5,4,7,1,0,2,1,122474,5,8,5,0,84,5,4,7,1,0,0,0,1,,,,;,,,,,,,,199,136314000,555745000,4294967295,0,-122,;,-124,;,37,;,4,0,33,;,-1,;,-1,112,0,1542
16777234,3887512,3,cell_4,132579601,204,9,2,33,4,255,6615056,dadf72a11e4bbf2d1229fdeb0559a2d0,5cba29c06294c278e73e9261d04a0fd7,ea5d2f1c4608232e07d3aa3d998e5135,4294967295,91,0,3,7,4,0,2,1,122475,7,6,0,4,91,0,3,7,4,0,0,0,1,,,,;,,,,,,,,72,-1,-1,4294967295,0,-1,;,-1,;,-1,;,-1,0,-1,;,-1,;,-1,-1,0,1542
16777234,3887512,4,cell_3,132579601,206,2,1,46,6,255,6615056,6f1add7b5d806131e4035941eb9b8493,5cba29c06294c278e73e9261d04a0fd7,ad61ab143223efbc24c7d2583be69251,4294967295,95,7,8,6,5,0,2,1,88920,4,6,6,5,95,7,8,6,5,0,0,0,1,,,,;,,,,,,,,199,76800000,307200000,4294967295,0,-122,;,-104,;,2,;,5,0,-119,;,-1,;,-1,112,0,1542
16777234,3887512,5,cell_4,132579601,206,2,2,92,1,255,6615056,1dad044fbb2cb39c76084fc860531525,5cba29c06294c278e73e9261d04a0fd7,ad61ab143223efbc24c7d2583be69251,4294967295,98,2,5,4,9,0,2,1,88919,9,6,1,9,98,2,5,4,9,0,0,0,2,,,51.0,;,-50.0,;,86.0,;,-40.0,;,-100.0,72,-1,-1,4294967295,0,-1,;,-1,;,-1,;,-1,0,-1,;,-1,;,-1,-1,0,1542
16777234,3887512,6,cell_3,132579601,208,5,1,59,1,255,6615056,e1874f5f421ad8b9159544b994b797af,5cba29c06294c278e73e9261d04a0fd7,32bb90e8976aab5298d5da10fe66f21d,4294967295,67,2,9,0,2,0,2,1,8390,2,7,6,3,67,2,9,0,2,0,0,0,1,,,,;,,,,,,,,199,102400000,512000000,4294967295,0,53,;,103,;,55,;,17,0,50,;,-1,;,-1,24,0,1542
16777234,3887512,7,cell_3,132579601,209,6,1,76,9,255,6615057,3c5c4af59798256d7e05361269ac22d1,3cfacd1beeeb00db3c2afc128dc13b7c,c4ca4238a0b923820dcc509a6f75849b,4294967295,67,8,0,0,0,0,2,1,26849,6,7,4,0,67,8,0,0,0,0,0,0,1,,,,;,,,,,,,,199,100000000,500000000,4294967295,0,53,;,41,;,117,;,17,0,121,;,-1,;,-1,17,0,1542
16777234,3887512,8,cell_3,132579601,231,9,1,27,2,255,6615056,38f385a7d183b5de94d57e66a826f2af,5cba29c06294c278e73e9261d04a0fd7,ad61ab143223efbc24c7d2583be69251,4294967295,67,9,5,4,6,0,2,1,88920,6,4,6,1,67,9,5,4,6,0,0,0,1,,,,;,,,,,,,,199,76800000,307200000,4294967295,0,-122,;,-104,;,2,;,5,0,-119,;,-1,;,-1,112,0,1542
16777234,3887512,9,cell_4,132579601,232,5,2,25,4,255,6615056,9330ba114b6b4555bda4019b9bf0836a,5cba29c06294c278e73e9261d04a0fd7,ad61ab143223efbc24c7d2583be69251,4294967295,71,3,0,1,1,0,2,1,88919,7,8,2,8,71,3,0,1,1,0,0,0,1,,,,;,,,,,,,,199,136314000,555745000,4294967295,0,-122,;,82,;,35,;,4,0,33,;,-1,;,-1,112,0,1542
16777234,3887513,0,cell_3,132579601,232,5,1,71,0,255,6615056,fd6df38e784771a0b10c790093ccf3e8,5cba29c06294c278e73e9261d04a0fd7,a3f390d88e4c41f2747bfa2f1b5f87db,4294967295,74,6,2,9,6,0,2,1,73820,1,7,4,0,74,6,2,9,6,0,0,0,1,,,,;,,,,,,,,199,50000000,150000000,4294967295,0,-122,;,39,;,16,;,5,0,72,;,-1,;,-1,0,0,1542
16777234,3887513,1,cell_4,132579601,234,5,2,58,0,255,6615057,dd72c6cf89ad6854e3c989bc70ceea42,3cfacd1beeeb00db3c2afc128dc13b7c,cfcd208495d565ef66e7dff9f98764da,4294967295,76,1,4,6,9,0,2,1,179520,0,6,2,2,76,1,4,6,9,0,0,0,2,,,-66.0,;,75.0,;,31.0,;,-64.0,;,32.0,72,-1,-1,4294967295,0,-1,;,-1,;,-1,;,-1,0,-1,;,-1,;,-1,-1,0,1542
16777234,3887513,2,cell_3,132579601,235,2,1,16,6,255,6615056,6489ff0c6bb64dd539e628ab08f6804a,5cba29c06294c278e73e9261d04a0fd7,ad61ab143223efbc24c7d2583be69251,4294967295,80,2,6,5,3,0,2,1,88920,7,5,2,1,80,2,6,5,3,0,0,0,1,,,,;,,,,,,,,199,30000000,30000000,4294967295,0,53,;,52,;,2,;,113,0,34,;,-1,;,-1,24,0,1542
16777234,3887513,3,cell_4,132579601,235,4,2,94,8,255,6615056,ae7c78751e128d60419f2258eebfa270,5cba29c06294c278e73e9261d04a0fd7,ad61ab143223efbc24c7d2583be69251,4294967295,87,2,9,4,6,0,2,1,88920,5,9,1,2,87,2,9,4,6,0,0,0,1,,,,;,,,,,,,,199,38829000,38829000,4294967295,0,-122,;,70,;,85,;,4,0,34,;,-1,;,-1,-112,0,1542
16777234,3887513,4,cell_3,132579601,235,5,1,45,8,255,6615056,97d4d35606caac556ea0b55729699c93,5cba29c06294c278e73e9261d04a0fd7,ad61ab143223efbc24c7d2583be69251,4294967295,90,8,2,6,2,0,2,1,88921,1,7,7,3,90,8,2,6,2,0,0,0,1,,,,;,,,,,,,,72,-1,-1,4294967295,0,-1,;,-1,;,-1,;,-1,0,-1,;,-1,;,-1,-1,0,1542
16777234,3887513,5,cell_3,132579601,235,5,1,98,1,255,6615056,ec1ad9e20c597898d218361c569575c5,5cba29c06294c278e73e9261d04a0fd7,32bb90e8976aab5298d5da10fe66f21d,4294967295,96,2,7,6,9,0,2,1,8390,6,5,1,6,96,2,7,6,9,0,0,0,1,,,,;,,,,,,,,199,102400000,512000000,4294967295,0,-122,;,-124,;,-112,;,4,0,83,;,-1,;,-1,0,0,1542
16777234,3887513,6,cell_3,132579601,235,7,1,55,0,255,6615056,00b35ea8b502640c44148e770339218d,5cba29c06294c278e73e9261d04a0fd7,3295c76acbf4caaed33c36b1b5fc2cb1,4294967295,97,6,5,1,3,0,2,1,63753,7,0,5,5,97,6,5,1,3,0,0,0,1,,,,;,,,,,,,,76,78643000,314572000,4294967295,0,-122,;,37,;,64,;,4,0,-105,;,-1,;,-1,17,0,1542
16777234,3887513,7,cell_4,132579601,236,0,2,97,1,255,6615056,4d0269efa9a972136976cf4eac9c9677,5cba29c06294c278e73e9261d04a0fd7,a3f390d88e4c41f2747bfa2f1b5f87db,4294967295,67,3,0,2,9,0,2,1,73819,8,2,2,6,67,3,0,2,9,0,0,0,1,,,,;,,,,,,,,199,136314000,555745000,4294967295,0,-122,;,20,;,1,;,4,0,-120,;,-1,;,-1,9,0,1542
16777234,4004578,5,cell_4,132579600,152245,9,2,0,1,255,6615057,e75cdcf84b276f504aac6441f2fae7c0,3cfacd1beeeb00db3c2afc128dc13b7c,cfcd208495d565ef66e7dff9f98764da,4294967295,26,1,0,0,9,0,2,1,179520,5,3,3,5,26,1,0,0,9,0,0,0,1,,,,;,,,,,,,,199,150000000,300000000,4294967295,0,53,;,88,;,57,;,8,0,-105,;,-1,;,-1,85,0,1542
16777234,4004578,6,cell_3,132579600,152245,9,1,14,1,255,6615056,36f71f667155a1b00e2c5d5910cbada9,5cba29c06294c278e73e9261d04a0fd7,7cbbc409ec990f19c78c75bd1e06f215,4294967295,31,1,9,0,3,0,2,1,144284,1,1,9,7,31,1,9,0,3,0,0,0,1,,,,;,,,,,,,,199,108643000,344572000,4294967295,0,-122,;,112,;,-108,;,4,0,121,;,-1,;,-1,33,0,1542
16777234,4004578,7,cell_3,132579600,152248,2,1,97,6,255,6615056,6f6a616fa55e6218728043218f17b49f,5cba29c06294c278e73e9261d04a0fd7,3295c76acbf4caaed33c36b1b5fc2cb1,4294967295,31,9,1,6,4,0,2,1,63754,3,4,6,7,31,9,1,6,4,0,0,0,1,,,,;,,,,,,,,199,110100000,346029000,4294967295,0,-122,;,81,;,98,;,3,0,48,;,-1,;,-1,1,0,1542
16777234,4004578,8,cell_3,132579600,152248,3,1,96,9,255,6615056,5418d4c0260f4ee62c2f336cb18075df,5cba29c06294c278e73e9261d04a0fd7,ea5d2f1c4608232e07d3aa3d998e5135,4294967295,7,5,1,0,9,0,2,1,122475,3,0,9,7,7,5,1,0,9,0,0,0,1,,,,;,,,,,,,,199,31457000,31457000,4294967295,0,-122,;,-112,;,73,;,6,0,89,;,-1,;,-1,0,0,1542
16777234,4004578,9,cell_4,132579601,1,2,2,94,8,255,6615056,3f62381f0ce80719c62370c99584241c,5cba29c06294c278e73e9261d04a0fd7,32bb90e8976aab5298d5da10fe66f21d,4294967295,20,3,3,0,3,0,2,1,8390,3,0,1,4,20,3,3,0,3,0,0,0,1,,,,;,,,,,,,,199,78643000,314572000,4294967295,0,-122,;,-107,;,-111,;,4,0,20,;,-1,;,-1,117,0,1542
16777234,4004579,0,cell_4,132579601,3,5,2,7,5,255,6615056,a4c61dd6318dd0e4702524de36a14d5b,5cba29c06294c278e73e9261d04a0fd7,7cbbc409ec990f19c78c75bd1e06f215,4294967295,22,0,3,4,0,0,2,1,144285,9,4,8,0,22,0,3,4,0,0,0,0,1,,,,;,,,,,,,,199,31457000,31457000,4294967295,0,-122,;,-105,;,18,;,4,0,8,;,-1,;,-1,18,0,1542
16777234,4004579,1,cell_3,132579601,3,5,1,83,1,255,6615056,7acfedefb324df14224c1a7427ada066,5cba29c06294c278e73e9261d04a0fd7,ea5d2f1c4608232e07d3aa3d998e5135,4294967295,23,4,2,2,8,0,2,1,122475,7,6,8,3,23,4,2,2,8,0,0,0,1,,,,;,,,,,,,,199,78643000,314572000,4294967295,0,-122,;,102,;,25,;,4,0,-123,;,-1,;,-1,7,0,1542
16777234,4004579,2,cell_3,132579601,4,7,1,93,5,255,6615056,b813760b55b790ea705c22859cf47fb9,5cba29c06294c278e73e9261d04a0fd7,ad61ab143223efbc24c7d2583be69251,4294967295,25,7,8,0,8,0,2,1,88920,5,6,2,9,25,7,8,0,8,0,0,0,1,,,,;,,,,,,,,199,110100000,346029000,4294967295,0,-122,;,-108,;,100,;,4,0,37,;,-1,;,-1,21,0,1542
16777234,4004579,3,cell_4,132579601,25,6,2,86,3,255,6615056,e00042f16d9db207d849c07e37d3b6d5,5cba29c06294c278e73e9261d04a0fd7,7cbbc409ec990f19c78c75bd1e06f215,4294967295,32,1,7,7,2,0,2,1,144284,6,2,3,2,32,1,7,7,2,0,0,0,1,,,,;,,,,,,,,72,-1,-1,4294967295,0,-1,;,-1,;,-1,;,-1,0,-1,;,-1,;,-1,-1,0,1542
16777234,4004579,4,cell_3,132579601,25,8,1,99,2,255,6615056,2381d4c76c94671fd1ff2ea2afff0c44,5cba29c06294c278e73e9261d04a0fd7,32bb90e8976aab5298d5da10fe66f21d,4294967295,0,2,1,4,1,0,2,1,8389,5,7,1,3,0,2,1,4,1,0,0,0,1,,,,;,,,,,,,,199,31457000,31457000,4294967295,0,-122,;,36,;,102,;,4,0,25,;,-1,;,-1,64,0,1542
16777234,4004579,5,cell_3,132579601,26,0,1,37,3,255,6615056,870865225886ae3efa16f2583501b7d3,5cba29c06294c278e73e9261d04a0fd7,7cbbc409ec990f19c78c75bd1e06f215,4294967295,2,9,4,5,5,0,2,1,144286,1,8,0,6,2,9,4,5,5,0,0,0,1,,,,;,,,,,,,,199,102400000,512000000,4294967295,0,-122,;,-112,;,73,;,6,0,89,;,-1,;,-1,0,0,1542
16777234,4004579,6,cell_4,132579601,27,2,2,55,8,255,6615056,53551f71a474a1cac18440f5c916a730,5cba29c06294c278e73e9261d04a0fd7,ad61ab143223efbc24c7d2583be69251,4294967295,5,8,5,3,9,0,2,1,88920,2,5,5,4,5,8,5,3,9,0,0,0,1,,,,;,,,,,,,,199,31457000,31457000,4294967295,0,-122,;,82,;,35,;,4,0,33,;,-1,;,-1,112,0,1542
16777234,4004579,7,cell_4,132579601,27,3,2,47,9,255,6615056,808f4f20bace72a86830c03bdda0693a,5cba29c06294c278e73e9261d04a0fd7,3295c76acbf4caaed33c36b1b5fc2cb1,4294967295,12,7,1,8,0,0,2,1,63755,2,4,5,3,12,7,1,8,0,0,0,0,1,,,,;,,,,,,,,199,50000000,150000000,4294967295,0,-122,;,81,;,113,;,5,0,6,;,-1,;,-1,0,0,1542
16777234,4004579,8,cell_3,132579601,28,3,1,36,7,255,6615056,fd02fd0ee1a3100aaec27dcab3579350,5cba29c06294c278e73e9261d04a0fd7,7cbbc409ec990f19c78c75bd1e06f215,4294967295,18,5,9,5,1,0,2,1,144285,7,3,3,1,18,5,9,5,1,0,0,0,1,,,,;,,,,,,,,199,102400000,512000000,4294967295,0,53,;,-123,;,32,;,8,0,-120,;,-1,;,-1,57,0,1542
16777234,4004579,9,cell_4,132579601,28,3,2,56,5,255,6615057,131c04fc48ffdb2777d4d06d74d24f6b,3cfacd1beeeb00db3c2afc128dc13b7c,c4ca4238a0b923820dcc509a6f75849b,4294967295,21,0,8,8,8,0,2,1,26847,2,0,3,0,21,0,8,8,8,0,0,0,2,,,45.0,;,-52.0,;,82.0,;,118.0,;,45.0,72,-1,-1,4294967295,0,-1,;,-1,;,-1,;,-1,0,-1,;,-1,;,-1,-1,0,1542
16777234,4004580,0,cell_3,132579601,28,7,1,58,8,255,6615056,36e33bc89a6218394832a89d67b8df21,5cba29c06294c278e73e9261d04a0fd7,3295c76acbf4caaed33c36b1b5fc2cb1,4294967295,24,2,6,3,4,0,2,1,63754,1,8,8,1,24,2,6,3,4,0,0,0,1,,,,;,,,,,,,,199,102400000,512000000,4294967295,0,53,;,84,;,117,;,121,0,-126,;,-1,;,-1,20,0,1542
16777234,4004580,1,cell_4,132579601,30,3,2,43,7,255,6615056,2f55f9a01d411f2579614b752667a15a,5cba29c06294c278e73e9261d04a0fd7,a3f390d88e4c41f2747bfa2f1b5f87db,4294967295,30,6,1,1,0,0,2,1,73821,3,1,6,9,30,6,1,1,0,0,0,0,1,,,,;,,,,,,,,199,136314000,555745000,4294967295,0,-122,;,-123,;,80,;,3,0,22,;,-1,;,-1,121,0,1542
16777234,4004580,2,cell_3,132579601,30,9,1,55,5,255,6615056,9dcc9ed5f43f90058e833131cef0db0a,5cba29c06294c278e73e9261d04a0fd7,a3f390d88e4c41f2747bfa2f1b5f87db,4294967295,32,5,7,5,9,0,2,1,73819,7,7,2,1,32,5,7,5,9,0,0,0,1,,,,;,,,,,,,,199,50000000,150000000,4294967295,0,-122,;,39,;,16,;,5,0,72,;,-1,;,-1,0,0,1542
16777234,4004580,3,cell_3,132579601,31,1,1,8,5,255,6615056,7d0246dfef66a6fc4d984126ed399b2f,5cba29c06294c278e73e9261d04a0fd7,a3f390d88e4c41f2747bfa2f1b5f87db,4294967295,32,9,1,3,8,0,2,1,73821,6,5,8,4,32,9,1,3,8,0,0,0,1,,,,;,,,,,,,,199,136314000,555745000,4294967295,0,-122,;,33,;,32,;,4,0,86,;,-1,;,-1,104,0,1542
16777234,4004580,4,cell_4,132579601,31,2,2,30,9,255,6615056,c18ddc6e4f538624a8930d595266daf0,5cba29c06294c278e73e9261d04a0fd7,32bb90e8976aab5298d5da10fe66f21d,4294967295,0,1,7,0,3,0,2,1,8390,1,6,6,2,0,1,7,0,3,0,0,0,2,,,39.0,;,77.0,;,77.0,;,57.0,;,39.0,72,-1,-1,4294967295,0,-1,;,-1,;,-1,;,-1,0,-1,;,-1,;,-1,-1,0,1542
16777234,4004580,5,cell_3,132579601,51,4,1,65,4,255,6615056,1ef15df18cceb1a316eaa7797ece47e0,5cba29c06294c278e73e9261d04a0fd7,7cbbc409ec990f19c78c75bd1e06f215,4294967295,0,0,7,6,1,0,2,1,144285,2,1,8,6,0,0,7,6,1,0,0,0,1,,,,;,,,,,,,,199,102400000,512000000,4294967295,0,53,;,-123,;,32,;,8,0,-120,;,-1,;,-1,57,0,1542
16777234,4004580,6,cell_4,132579601,52,5,2,31,0,255,6615056,2b7b616735553b03413740d6702597fd,5cba29c06294c278e73e9261d04a0fd7,ea5d2f1c4608232e07d3aa3d998e5135,4294967295,11,3,2,4,7,0,2,1,122475,8,9,3,0,11,3,2,4,7,0,0,0,1,,,,;,,,,,,,,199,78643000,314572000,4294967295,0,-122,;,56,;,23,;,3,0,22,;,-1,;,-1,0,0,1542
16777234,4004580,7,cell_3,132579601,52,8,1,97,0,255,6615056,c712779fd0257492bb3e550284dd1142,5cba29c06294c278e73e9261d04a0fd7,a3f390d88e4c41f2747bfa2f1b5f87db,4294967295,23,4,8,2,0,0,2,1,73821,5,0,9,5,23,4,8,2,0,0,0,0,1,,,,;,,,,,,,,199,50000000,150000000,4294967295,0,-122,;,39,;,16,;,5,0,72,;,-1,;,-1,0,0,1542
16777234,4004580,8,cell_3,132579601,53,5,1,87,4,255,6615056,a2c1009e56b18274e56b4dcbc3eeee7c,5cba29c06294c278e73e9261d04a0fd7,7cbbc409ec990f19c78c75bd1e06f215,4294967295,27,3,3,5,6,0,2,1,144284,5,5,4,8,27,3,3,5,6,0,0,0,1,,,,;,,,,,,,,199,30000000,30000000,4294967295,0,-122,;,57,;,38,;,6,0,40,;,-1,;,-1,39,0,1542
16777234,4004580,9,cell_3,132579601,55,5,1,43,0,255,6615056,3c5ff83a34807d5fd7c2cd6dffe2412a,5cba29c06294c278e73e9261d04a0fd7,3295c76acbf4caaed33c36b1b5fc2cb1,4294967295,28,0,3,2,7,0,2,1,63755,4,0,6,5,28,0,3,2,7,0,0,0,1,,,,;,,,,,,,,199,30000000,30000000,4294967295,0,-122,;,82,;,35,;,4,0,-108,;,-1,;,-1,112,0,1542
16777234,4004581,0,cell_4,132579601,56,9,2,13,0,255,6615056,ce1a6daf2757d00149059e0141741b87,5cba29c06294c278e73e9261d04a0fd7,3295c76acbf4caaed33c36b1b5fc2cb1,4294967295,28,3,3,5,7,0,2,1,63755,6,3,8,5,28,3,3,5,7,0,0,0,1,,,,;,,,,,,,,199,102400000,512000000,4294967295,0,-122,;,35,;,81,;,6,0,87,;,-1,;,-1,99,0,1542
16777234,4004581,1,cell_3,132579601,57,0,1,38,1,255,6615056,658dfbc74c83d5b8a96dd01b2659fc5a,5cba29c06294c278e73e9261d04a0fd7,ad61ab143223efbc24c7d2583be69251,4294967295,32,0,6,4,5,0,2,1,88919,3,9,2,6,32,0,6,4,5,0,0,0,1,,,,;,,,,,,,,199,76800000,307200000,4294967295,0,-122,;,50,;,53,;,6,0,20,;,-1,;,-1,8,0,1542
16777234,4004581,2,cell_3,132579601,78,8,1,91,9,255,6615057,8327aaafaf396dc31023519c030e918d,3cfacd1beeeb00db3c2afc128dc13b7c,cfcd208495d565ef66e7dff9f98764da,4294967295,33,2,8,4,9,0,2,1,179520,9,6,1,4,33,2,8,4,9,0,0,0,1,,,,;,,,,,,,,199,100000000,300000000,4294967295,0,-122,;,103,;,0,;,5,0,84,;,-1,;,-1,0,0,1542
16777234,4004581,3,cell_4,132579601,80,8,2,13,3,255,6615056,9ea0f9cb93fa2d7ade4e3b32d74256fc,5cba29c06294c278e73e9261d04a0fd7,3295c76acbf4caaed33c36b1b5fc2cb1,4294967295,0,0,5,9,1,0,2,1,63754,9,8,1,5,0,0,5,9,1,0,0,0,1,,,,;,,,,,,,,199,102400000,512000000,4294967295,0,-122,;,35,;,81,;,6,0,87,;,-1,;,-1,99,0,1542
16777234,4004581,4,cell_4,132579601,103,0,2,45,7,255,6615056,6fc80293afbe6da1d6c3e944bf4101bc,5cba29c06294c278e73e9261d04a0fd7,7cbbc409ec990f19c78c75bd1e06f215,4294967295,1,7,4,5,5,0,2,1,144284,3,5,3,5,1,7,4,5,5,0,0,0,1,,,,;,,,,,,,,72,-1,-1,4294967295,0,-1,;,-1,;,-1,;,-1,0,-1,;,-1,;,-1,-1,0,1542
16777234,4004581,5,cell_4,132579601,103,3,2,86,3,255,6615056,953d68315b072e590f3a85eaf48c5bcc,5cba29c06294c278e73e9261d04a0fd7,3295c76acbf4caaed33c36b1b5fc2cb1,4294967295,2,1,5,3,5,0,2,1,63753,5,4,0,8,2,1,5,3,5,0,0,0,1,,,,;,,,,,,,,199,31457000,31457000,4294967295,0,-122,;,39,;,37,;,4,0,54,;,-1,;,-1,9,0,1542
16777234,4004581,6,cell_3,132579601,104,1,1,88,3,255,6615056,8d3cb79f4ce6ea06873c264aa65a0cf6,5cba29c06294c278e73e9261d04a0fd7,a3f390d88e4c41f2747bfa2f1b5f87db,4294967295,8,0,9,3,0,0,2,1,73821,0,8,1,0,8,0,9,3,0,0,0,0,1,,,,;,,,,,,,,199,136314000,555745000,4294967295,0,-122,;,33,;,32,;,4,0,86,;,-1,;,-1,104,0,1542
16777234,4004581,7,cell_4,132579601,106,0,2,41,9,255,6615056,4235a5c3b7e8775bc996424bb2ff1e42,5cba29c06294c278e73e9261d04a0fd7,ea5d2f1c4608232e07d3aa3d998e5135,4294967295,14,4,2,2,7,0,2,1,122473,7,5,5,8,14,4,2,2,7,0,0,0,1,,,,;,,,,,,,,199,102400000,512000000,4294967295,0,-122,;,33,;,18,;,5,0,-111,;,-1,;,-1,35,0,1542
16777234,4004581,8,cell_3,132579601,106,1,1,28,6,255,6615056,5de7c885fa48c102a798b8a2cecfa1ea,5cba29c06294c278e73e9261d04a0fd7,7cbbc409ec990f19c78c75bd1e06f215,4294967295,20,8,7,1,1,0,2,1,144285,1,4,3,2,20,8,7,1,1,0,0,0,1,,,,;,,,,,,,,199,31457000,31457000,4294967295,0,53,;,41,;,117,;,17,0,-108,;,-1,;,-1,17,0,1542
16777234,4004581,9,cell_4,132579601,106,2,2,61,7,255,6615056,e41ad8cbcd0116667ffc6857afbe6874,5cba29c06294c278e73e9261d04a0fd7,ad61ab143223efbc24c7d2583be69251,4294967295,27,7,3,7,4,0,2,1,88920,9,6,4,7,27,7,3,7,4,0,0,0,1,,,,;,,,,,,,,199,38829000,38829000,4294967295,0,-122,;,70,;,85,;,4,0,34,;,-1,;,-1,-112,0,1542
16777234,4004582,0,cell_4,132579601,108,1,2,84,3,255,6615056,3cd4cfdf43ffbb5d7920793db4860091,5cba29c06294c278e73e9261d04a0fd7,ad61ab143223efbc24c7d2583be69251,4294967295,0,1,8,1,8,0,2,1,88919,7,1,4,3,0,1,8,1,8,0,0,0,1,,,,;,,,,,,,,199,136314000,555745000,4294967295,0,-122,;,82,;,35,;,4,0,33,;,-1,;,-1,112,0,1542
16777234,4004582,1,cell_3,132579601,128,6,1,58,7,255,6615056,b313573258173a2fd75dbdde3b3b0c7e,5cba29c06294c278e73e9261d04a0fd7,a3f390d88e4c41f2747bfa2f1b5f87db,4294967295,2,6,6,1,3,0,2,1,73820,0,2,9,1,2,6,6,1,3,0,0,0,1,,,,;,,,,,,,,199,102400000,512000000,4294967295,0,53,;,48,;,86,;,9,0,37,;,-1,;,-1,70,0,1542
16777234,4004582,2,cell_4,132579601,129,2,2,93,8,255,6615056,779f1e3440cc39e89580cf8a64dda896,5cba29c06294c278e73e9261d04a0fd7,32bb90e8976aab5298d5da10fe66f21d,4294967295,10,0,6,5,2,0,2,1,8390,7,5,1,0,10,0,6,5,2,0,0,0,1,,,,;,,,,,,,,199,78643000,314572000,4294967295,0,-122,;,-107,;,-111,;,4,0,20,;,-1,;,-1,117,0,1542
16777234,4004582,3,cell_4,132579601,131,4,2,35,0,255,6615056,c8985254fcaa85e2858ea0b9ac6c0452,5cba29c06294c278e73e9261d04a0fd7,32bb90e8976aab5298d5da10fe66f21d,4294967295,11,3,8,5,6,0,2,1,8389,4,0,1,6,11,3,8,5,6,0,0,0,1,,,,;,,,,,,,,199,78643000,314572000,4294967295,0,-122,;,-107,;,-111,;,4,0,20,;,-1,;,-1,117,0,1542
16777234,4004582,4,cell_3,132579601,133,1,1,18,7,255,6615056,aac8de3c98ea257144c689010fbfbbc4,5cba29c06294c278e73e9261d04a0fd7,ea5d2f1c4608232e07d3aa3d998e5135,4294967295,15,2,7,4,4,0,2,1,122475,1,5,3,9,15,2,7,4,4,0,0,0,1,,,,;,,,,,,,,199,136314000,555745000,4294967295,0,-122,;,-124,;,37,;,4,0,33,;,-1,;,-1,112,0,1542
16777234,4004582,5,cell_4,132579601,133,6,2,89,6,255,6615056,23ad2ea6d9f482247b7bd63530e608d2,5cba29c06294c278e73e9261d04a0fd7,3295c76acbf4caaed33c36b1b5fc2cb1,4294967295,19,4,7,5,0,0,2,1,63754,8,3,6,5,19,4,7,5,0,0,0,0,1,,,,;,,,,,,,,72,-1,-1,4294967295,0,-1,;,-1,;,-1,;,-1,0,-1,;,-1,;,-1,-1,0,1542
16777234,4004582,6,cell_4,132579601,133,8,2,10,2,255,6615056,a07386ac37e25b6aed5542045acee68d,5cba29c06294c278e73e9261d04a0fd7,3295c76acbf4caaed33c36b1b5fc2cb1,4294967295,22,8,9,8,0,0,2,1,63755,4,4,9,9,22,8,9,8,0,0,0,0,1,,,,;,,,,,,,,199,102400000,512000000,4294967295,0,-122,;,35,;,81,;,6,0,87,;,-1,;,-1,99,0,1542
16777234,4004582,7,cell_3,132579601,133,9,1,27,3,255,6615056,a9e27b37086b9500f1d328f470251977,5cba29c06294c278e73e9261d04a0fd7,ad61ab143223efbc24c7d2583be69251,4294967295,29,7,0,3,6,0,2,1,88920,0,5,1,9,29,7,0,3,6,0,0,0,1,,,,;,,,,,,,,199,76800000,307200000,4294967295,0,-122,;,-104,;,2,;,5,0,-119,;,-1,;,-1,112,0,1542
16777234,4004582,8,cell_4,132579601,154,1,2,66,5,255,6615056,acf4909bd5b8728bc2268f4f39d07521,5cba29c06294c278e73e9261d04a0fd7,ea5d2f1c4608232e07d3aa3d998e5135,4294967295,31,5,0,9,6,0,2,1,122473,8,0,6,7,31,5,0,9,6,0,0,0,1,,,,;,,,,,,,,72,-1,-1,4294967295,0,-1,;,-1,;,-1,;,-1,0,-1,;,-1,;,-1,-1,0,1542
16777234,4004582,9,cell_4,132579601,154,1,2,95,7,255,6615056,d2701d7ed62952fd0abb392f38a74bae,5cba29c06294c278e73e9261d04a0fd7,3295c76acbf4caaed33c36b1b5fc2cb1,4294967295,0,1,7,8,5,0,2,1,63754,2,6,4,5,0,1,7,8,5,0,0,0,1,,,,;,,,,,,,,72,-1,-1,4294967295,0,-1,;,-1,;,-1,;,-1,0,-1,;,-1,;,-1,-1,0,1542
16777234,4004583,0,cell_3,132579601,155,2,1,59,1,255,6615056,a52aa14ea59d8212a73262f668cd464b,5cba29c06294c278e73e9261d04a0fd7,ad61ab143223efbc24c7d2583be69251,4294967295,3,6,4,3,0,0,2,1,88919,6,9,1,6,3,6,4,3,0,0,0,0,1,,,,;,,,,,,,,199,37200000,37200000,4294967295,0,-122,;,34,;,67,;,5,0,64,;,-1,;,-1,39,0,1542
16777234,4004583,1,cell_3,132579601,155,5,1,5,8,255,6615056,bbab3dd0993da44b25a960464046fef6,5cba29c06294c278e73e9261d04a0fd7,ea5d2f1c4608232e07d3aa3d998e5135,4294967295,11,0,3,8,3,0,2,1,122475,0,0,2,8,11,0,3,8,3,0,0,0,1,,,,;,,,,,,,,199,108643000,344572000,4294967295,0,-122,;,-107,;,115,;,3,0,72,;,-1,;,-1,117,0,1542
16777234,4004583,2,cell_4,132579601,155,6,2,64,8,255,6615056,07f80028551c685f924464e6beba9b40,5cba29c06294c278e73e9261d04a0fd7,3295c76acbf4caaed33c36b1b5fc2cb1,4294967295,18,0,8,6,6,0,2,1,63753,9,9,8,7,18,0,8,6,6,0,0,0,1,,,,;,,,,,,,,199,78643000,314572000,4294967295,0,-122,;,87,;,99,;,3,0,98,;,-1,;,-1,40,0,1542
16777234,4004583,3,cell_3,132579601,181,1,1,0,1,255,6615056,dacb547494e83788e252adfbe1ae9e63,5cba29c06294c278e73e9261d04a0fd7,a3f390d88e4c41f2747bfa2f1b5f87db,4294967295,19,4,7,3,9,0,2,1,73820,6,1,9,0,19,4,7,3,9,0,0,0,1,,,,;,,,,,,,,72,-1,-1,4294967295,0,-1,;,-1,;,-1,;,-1,0,-1,;,-1,;,-1,-1,0,1542
16777234,4004583,4,cell_3,132579601,181,5,1,13,0,255,6615056,e82a52b9b3696f9c182690f9e969c1e5,5cba29c06294c278e73e9261d04a0fd7,32bb90e8976aab5298d5da10fe66f21d,4294967295,20,8,1,0,4,0,2,1,8390,1,7,2,8,20,8,1,0,4,0,0,0,1,,,,;,,,,,,,,199,102400000,512000000,4294967295,0,53,;,102,;,-103,;,17,0,37,;,-1,;,-1,24,0,1542
16777234,4004583,5,cell_4,132579601,182,6,2,59,3,255,6615056,b3c68dc224df81512e0e9776b231bfb6,5cba29c06294c278e73e9261d04a0fd7,7cbbc409ec990f19c78c75bd1e06f215,4294967295,21,9,4,9,3,0,2,1,144284,6,8,0,1,21,9,4,9,3,0,0,0,1,,,,;,,,,,,,,199,110100000,346029000,4294967295,0,53,;,-120,;,4,;,9,0,98,;,-1,;,-1,25,0,1542
16777234,4004583,6,cell_4,132579601,183,0,2,5,1,255,6615056,b2fab85ca33e9a9e1b0c32031e55390c,5cba29c06294c278e73e9261d04a0fd7,3295c76acbf4caaed33c36b1b5fc2cb1,4294967295,22,8,4,1,4,0,2,1,63755,0,1,3,1,22,8,4,1,4,0,0,0,1,,,,;,,,,,,,,72,-1,-1,4294967295,0,-1,;,-1,;,-1,;,-1,0,-1,;,-1,;,-1,-1,0,1542
16777234,4004583,7,cell_3,132579601,183,4,1,48,5,255,6615056,5a403cb835ce54bc2e0c12fe4e5156f9,5cba29c06294c278e73e9261d04a0fd7,ad61ab143223efbc24c7d2583be69251,4294967295,28,9,7,9,4,0,2,1,88920,4,3,2,3,28,9,7,9,4,0,0,0,1,,,,;,,,,,,,,199,76800000,307200000,4294967295,0,-122,;,-104,;,2,;,5,0,-119,;,-1,;,-1,112,0,1542
16777234,4004583,8,cell_3,132579601,184,4,1,31,7,255,6615056,ecdbb275b7b64b14b095d82989cf745f,5cba29c06294c278e73e9261d04a0fd7,3295c76acbf4caaed33c36b1b5fc2cb1,4294967295,30,1,3,1,8,0,2,1,63755,3,0,1,3,30,1,3,1,8,0,0,0,1,,,,;,,,,,,,,199,37200000,37200000,4294967295,0,-122,;,80,;,68,;,5,0,-109,;,-1,;,-1,19,0,1542
16777234,4004583,9,cell_4,132579601,204,8,2,85,4,255,6615056,927056706fae1f5ed73b5e3a7d580afe,5cba29c06294c278e73e9261d04a0fd7,3295c76acbf4caaed33c36b1b5fc2cb1,4294967295,0,2,3,7,9,0,2,1,63753,7,3,4,8,0,2,3,7,9,0,0,0,1,,,,;,,,,,,,,199,108643000,344572000,4294967295,0,-122,;,22,;,97,;,4,0,84,;,-1,;,-1,18,0,1542
16777234,4004584,0,cell_3,132579601,205,4,1,87,6,255,6615056,8f3454cf60290d1b53a0ef1d4f9e025f,5cba29c06294c278e73e9261d04a0fd7,32bb90e8976aab5298d5da10fe66f21d,4294967295,0,7,8,8,5,0,2,1,8389,8,2,9,1,0,7,8,8,5,0,0,0,1,,,,;,,,,,,,,199,102400000,512000000,4294967295,0,53,;,103,;,55,;,17,0,50,;,-1,;,-1,24,0,1542
16777234,4004584,1,cell_4,132579601,206,3,2,43,1,255,6615056,eeae681fca79d62474f999e2bc0a99c4,5cba29c06294c278e73e9261d04a0fd7,ad61ab143223efbc24c7d2583be69251,4294967295,7,4,5,0,9,0,2,1,88919,3,2,1,5,7,4,5,0,9,0,0,0,1,,,,;,,,,,,,,199,104857000,524288000,4294967295,0,53,;,32,;,41,;,7,0,96,;,-1,;,-1,66,0,1542
16777234,4004584,2,cell_3,132579601,230,5,1,7,9,255,6615056,350013e12ec8f802a4e81d468a87b65d,5cba29c06294c278e73e9261d04a0fd7,ea5d2f1c4608232e07d3aa3d998e5135,4294967295,11,3,3,4,9,0,2,1,122475,5,8,4,6,11,3,3,4,9,0,0,0,1,,,,;,,,,,,,,199,31457000,31457000,4294967295,0,-122,;,-112,;,73,;,6,0,89,;,-1,;,-1,0,0,1542
16777234,4004584,3,cell_4,132579601,230,5,2,67,0,255,6615056,88792847f80b56056d1ccdba1e98bf49,5cba29c06294c278e73e9261d04a0fd7,a3f390d88e4c41f2747bfa2f1b5f87db,4294967295,16,3,4,9,2,0,2,1,73821,3,0,4,7,16,3,4,9,2,0,0,0,1,,,,;,,,,,,,,199,136314000,555745000,4294967295,0,-122,;,20,;,1,;,4,0,-120,;,-1,;,-1,9,0,1542
16777234,4004584,4,cell_3,132579601,232,8,1,57,1,255,6615056,6839cabde1183556e43e84e4f18faf25,5cba29c06294c278e73e9261d04a0fd7,a3f390d88e4c41f2747bfa2f1b5f87db,4294967295,19,9,6,6,0,0,2,1,73821,9,4,3,2,19,9,6,6,0,0,0,0,1,,,,;,,,,,,,,72,-1,-1,4294967295,0,-1,;,-1,;,-1,;,-1,0,-1,;,-1,;,-1,-1,0,1542
16777234,4004584,5,cell_3,132579601,233,6,1,12,0,255,6615056,0611d2230ada49c8c7029cef89dbf919,5cba29c06294c278e73e9261d04a0fd7,3295c76acbf4caaed33c36b1b5fc2cb1,4294967295,21,9,7,3,4,0,2,1,63754,1,8,6,1,21,9,7,3,4,0,0,0,1,,,,;,,,,,,,,199,102400000,512000000,4294967295,0,53,;,52,;,2,;,113,0,35,;,-1,;,-1,24,0,1542
16777234,4004584,6,cell_4,132579601,234,5,2,4,9,255,6615056,9ea7c90675edbb3f2d376e15289c2f49,5cba29c06294c278e73e9261d04a0fd7,3295c76acbf4caaed33c36b1b5fc2cb1,4294967295,29,3,9,8,4,0,2,1,63754,0,3,4,6,29,3,9,8,4,0,0,0,1,,,,;,,,,,,,,199,136314000,555745000,4294967295,0,53,;,101,;,-123,;,16,0,116,;,-1,;,-1,49,0,1542
16777234,4004584,7,cell_4,132579601,235,9,2,48,0,255,6615057,c8d8bf5f55b15571676e422d617ece3f,3cfacd1beeeb00db3c2afc128dc13b7c,cfcd208495d565ef66e7dff9f98764da,4294967295,0,0,0,6,1,0,2,1,179516,2,7,4,7,0,0,0,6,1,0,0,0,1,,,,;,,,,,,,,199,150000000,300000000,4294967295,0,53,;,88,;,57,;,8,0,-105,;,-1,;,-1,85,0,1542
16777234,4004584,8,cell_3,132579601,235,9,1,95,2,255,6615056,3aca672e4db3cf0387f218bc3a597d2f,5cba29c06294c278e73e9261d04a0fd7,a3f390d88e4c41f2747bfa2f1b5f87db,4294967295,1,2,9,1,5,0,2,1,73820,4,2,3,4,1,2,9,1,5,0,0,0,1,,,,;,,,,,,,,199,102400000,512000000,4294967295,0,53,;,48,;,86,;,9,0,37,;,-1,;,-1,70,0,1542
16777234,54964734,4,cell_3,132579601,182,6,1,31,8,255,6615056,72255c6c642af059353c2c215bcc5d0d,5cba29c06294c278e73e9261d04a0fd7,3295c76acbf4caaed33c36b1b5fc2cb1,4294967295,158,7,0,1,6,0,0,1,63754,5,0,4,9,158,7,0,1,6,0,0,0,255,,,,;,,,,,,,,255,37200000,37200000,4294967295,1,-122,;,80,;,68,;,5,0,-109,;,-1,;,-1,19,0,1542
16777234,81808278,8,cell_4,132579600,152248,3,2,21,0,255,6615056,68ac9281ca2bbf64f7f8854d6d7ee7a9,5cba29c06294c278e73e9261d04a0fd7,7cbbc409ec990f19c78c75bd1e06f215,4294967295,0,1,6,6,4,0,2,1,144285,8,0,9,6,0,1,6,6,4,0,0,0,1,,,,;,,,,,,,,255,102400000,512000000,4294967295,2,-122,;,24,;,103,;,5,0,97,;,-1,;,-1,0,0,1542
16777234,81808278,9,cell_4,132579601,0,6,2,62,2,255,6615056,7e6bfb41fe6015250d9c6fcb6a801706,5cba29c06294c278e73e9261d04a0fd7,7cbbc409ec990f19c78c75bd1e06f215,4294967295,13,7,8,4,9,0,2,1,144285,4,9,5,2,13,7,8,4,9,0,0,0,1,,,,;,,,,,,,,255,102400000,512000000,4294967295,2,-122,;,24,;,103,;,5,0,97,;,-1,;,-1,0,0,1542
16777234,81808279,0,cell_4,132579601,25,7,2,27,9,255,6615057,1f7b32d14f9a283d96c5f325bbe739df,3cfacd1beeeb00db3c2afc128dc13b7c,cfcd208495d565ef66e7dff9f98764da,4294967295,0,1,7,4,7,0,2,1,179517,7,6,8,6,0,1,7,4,7,0,0,0,1,,,,;,,,,,,,,255,100000000,500000000,4294967295,2,-122,;,64,;,112,;,6,0,-123,;,-1,;,-1,99,0,1542
16777234,81808279,1,cell_4,132579601,27,7,2,36,9,255,6615057,c1d1c708113c95e0b4f7428d99e0412f,3cfacd1beeeb00db3c2afc128dc13b7c,cfcd208495d565ef66e7dff9f98764da,4294967295,84,0,6,0,4,0,2,1,179521,0,3,8,1,84,0,6,0,4,0,0,0,1,,,,;,,,,,,,,255,100000000,500000000,4294967295,2,-122,;,64,;,112,;,6,0,-123,;,-1,;,-1,99,0,1542
16777234,81808279,2,cell_3,132579601,31,2,1,85,6,255,6615056,10338d66eab8a106fec6b29f7857bbbe,5cba29c06294c278e73e9261d04a0fd7,3295c76acbf4caaed33c36b1b5fc2cb1,4294967295,86,7,1,1,2,0,0,1,63753,7,0,4,8,86,7,1,1,2,0,0,0,1,,,,;,,,,,,,,255,30000000,30000000,4294967295,2,-122,;,82,;,35,;,4,0,-108,;,-1,;,-1,112,0,1542
16777234,81808279,3,cell_4,132579601,51,4,2,75,7,255,6615056,027c012a7ab32b36f4c00bae3b6d7ba7,5cba29c06294c278e73e9261d04a0fd7,7cbbc409ec990f19c78c75bd1e06f215,4294967295,7,7,2,6,9,0,2,1,144286,2,2,9,1,7,7,2,6,9,0,0,0,1,,,,;,,,,,,,,255,76800000,307200000,4294967295,2,-122,;,118,;,118,;,4,0,-125,;,-1,;,-1,117,0,1542
16777234,81808279,4,cell_4,132579601,52,8,2,84,7,255,6615056,59a28a41958ced88325b0f2fd8a3373f,5cba29c06294c278e73e9261d04a0fd7,7cbbc409ec990f19c78c75bd1e06f215,4294967295,16,0,8,4,9,0,2,1,144286,0,5,0,7,16,0,8,4,9,0,0,0,1,,,,;,,,,,,,,255,76800000,307200000,4294967295,2,-122,;,118,;,118,;,4,0,-125,;,-1,;,-1,117,0,1542
16777234,81808279,5,cell_4,132579601,80,9,2,13,7,255,6615056,42688544f2994166a6cc71a08958f772,5cba29c06294c278e73e9261d04a0fd7,ea5d2f1c4608232e07d3aa3d998e5135,4294967295,71,1,1,6,4,0,2,1,122474,3,5,6,2,71,1,1,6,4,0,0,0,1,,,,;,,,,,,,,255,110100000,346029000,4294967295,2,53,;,103,;,70,;,8,0,7,;,-1,;,-1,64,0,1542
16777234,81808279,6,cell_3,132579601,129,2,1,51,1,255,6615056,b94e8e6690d1855ea6138a7d41144283,5cba29c06294c278e73e9261d04a0fd7,32bb90e8976aab5298d5da10fe66f21d,4294967295,5,4,8,7,4,0,2,1,8390,6,9,4,8,5,4,8,7,4,0,0,0,1,,,,;,,,,,,,,255,102400000,512000000,4294967295,2,53,;,103,;,55,;,17,0,50,;,-1,;,-1,24,0,1542
16777234,81808279,7,cell_3,132579601,132,6,1,49,0,255,6615056,4e8557f3f0e000c1dcb871836bf94935,5cba29c06294c278e73e9261d04a0fd7,3295c76acbf4caaed33c36b1b5fc2cb1,4294967295,162,8,5,3,0,1,0,1,63754,3,2,6,4,162,8,5,3,0,0,0,0,1,,,,;,,,,,,,,255,100000000,500000000,4294967295,2,-122,;,-104,;,2,;,5,0,83,;,-1,;,-1,23,0,1542
16777234,81808279,8,cell_4,132579601,157,8,2,10,5,255,6615056,43997e2882729ad84e6251bbfb63f370,5cba29c06294c278e73e9261d04a0fd7,a3f390d88e4c41f2747bfa2f1b5f87db,4294967295,18,3,7,1,4,0,2,1,73821,9,5,2,0,18,3,7,1,4,0,0,0,1,,,,;,,,,,,,,255,136314000,555745000,4294967295,2,-122,;,20,;,1,;,4,0,-120,;,-1,;,-1,9,0,1542
16777234,81808279,9,cell_4,132579601,179,2,2,18,3,255,6615057,bb5fd52ed1e42fea7b119be72902115d,3cfacd1beeeb00db3c2afc128dc13b7c,c4ca4238a0b923820dcc509a6f75849b,4294967295,96,8,9,6,5,0,2,1,26846,9,9,1,8,96,8,9,6,5,0,0,0,1,,,,;,,,,,,,,255,150000000,300000000,4294967295,2,-122,;,2,;,16,;,4,0,-120,;,-1,;,-1,1,0,1542
16777234,81808280,1,cell_3,132579601,206,6,1,68,0,255,6615057,02961c204de555a5fc0997f19ad6de79,3cfacd1beeeb00db3c2afc128dc13b7c,cfcd208495d565ef66e7dff9f98764da,4294967295,100,4,2,9,1,0,2,1,179520,3,5,1,2,100,4,2,9,1,0,0,0,1,,,,;,,,,,,,,255,104857000,524288000,4294967295,2,-122,;,97,;,36,;,5,0,70,;,-1,;,-1,1,0,1542
16777234,81808280,2,cell_3,132579601,207,6,1,6,3,255,6615056,c5374f5e1d3cb6ec8b5fece8810dc06a,5cba29c06294c278e73e9261d04a0fd7,a3f390d88e4c41f2747bfa2f1b5f87db,4294967295,152,9,7,0,6,0,0,1,73820,5,2,3,2,152,9,7,0,6,0,0,0,1,,,,;,,,,,,,,255,104857000,524288000,4294967295,2,-122,;,-105,;,116,;,3,0,32,;,-1,;,-1,-127,0,1542
16777234,81808280,3,cell_4,132579601,234,3,2,44,5,255,6615056,012c6013c5e66965413b2e5512c0abf6,5cba29c06294c278e73e9261d04a0fd7,a3f390d88e4c41f2747bfa2f1b5f87db,4294967295,165,2,9,1,8,0,2,1,73821,1,7,5,5,165,2,9,1,8,0,0,0,1,,,,;,,,,,,,,255,76800000,307200000,4294967295,2,-122,;,20,;,67,;,4,0,38,;,-1,;,-1,102,0,1542
16777234,81808280,4,cell_4,132579601,236,1,2,62,5,255,6615056,9a08bcea108faf9c0637f022344fec2f,5cba29c06294c278e73e9261d04a0fd7,ea5d2f1c4608232e07d3aa3d998e5135,4294967295,72,4,5,8,5,0,2,1,122475,6,3,0,6,72,4,5,8,5,0,0,0,1,,,,;,,,,,,,,255,102400000,512000000,4294967295,2,53,;,34,;,121,;,23,0,68,;,-1,;,-1,16,0,1542
