head_7,head_8,head_10,head_12,head_13_0,head_13_1,head_14,head_17,head_18,head_19,head_20,body_846,body_847,body_848,body_849,body_850,body_852,body_853,body_854,body_855,body_856,body_857,body_860,body_861,body_862,body_863,body_864,body_867,body_868,body_869,body_870,body_871,body_874,body_875,body_876,body_877,body_878,body_881,body_882,body_883,body_884,body_885,body_888,body_889,body_890,body_891,body_892,body_895,body_896,body_897,body_898,body_899,body_902,body_903,body_904,body_905,body_906,body_909,body_910,body_911,body_912,body_913,body_916,body_917,body_918,body_919,body_920,body_923,body_924,body_965,body_966,body_967,body_968,body_969,body_970,body_971,body_972,body_973,body_974,body_975,body_976,body_977,body_978,body_979,body_980,body_981,body_982,body_983,body_984,body_985,body_2218,body_2219
53,21,400,3,26872915,2,6615040,,,,,5,0,1,1,1,1,41,0,0,95,0,79,0,0,15,0,28,1,976,0,0,78,0,0,479,0,,,,,,,,,,,,,,,,,,,,,,,,,,,,,,,,,3,1,0,0,,,,,,,,,,,,,,,,,,0,1
53,21,500,3,26872915,2,6615040,,,,,5,0,1,1,1,1,41,0,0,95,0,79,0,0,15,0,28,1,976,0,0,78,0,0,479,0,,,,,,,,,,,,,,,,,,,,,,,,,,,,,,,,,3,1,0,0,,,,,,,,,,,,,,,,,,0,1
53,44,400,3,26872915,3,6615040,,,,,5,0,1,1,1,1,41,0,0,95,0,79,0,0,15,0,28,1,976,0,0,78,0,0,479,0,,,,,,,,,,,,,,,,,,,,,,,,,,,,,,,,,3,1,0,0,,,,,,,,,,,,,,,,,,0,1
53,44,600,3,26872915,3,6615040,,,,,5,0,1,1,1,1,41,0,0,95,0,79,0,0,15,0,28,1,976,0,0,78,0,0,479,0,,,,,,,,,,,,,,,,,,,,,,,,,,,,,,,,,3,1,0,0,,,,,,,,,,,,,,,,,,0,1
51,24,0,3,27292238,3,6615040,,,,,5,1,1,1,0,1,1,1,,,,41,0,,,,78,0,,,,,,,,,,,,,,,,,,,,,,,,,,,,,,,,,,,,,,,,,3,0,,,,,,,,,,,,,,,,,,,,1,15
51,24,100,3,27292238,3,6615040,,,,,5,1,1,1,0,1,1,1,,,,41,0,,,,78,0,,,,,,,,,,,,,,,,,,,,,,,,,,,,,,,,,,,,,,,,,3,0,0,,,,,,,,,,,,,,,,,,,1,15
51,30,200,2,27292238,4,6615040,,,,,5,0,0,0,0,1,79,0,0,15,0,41,0,0,95,0,28,1,976,0,0,,,,,,,,,,,,,,,,,,,,,,,,,,,,,,,,,,,,,,3,0,0,0,0,1,1,0,1,1,0,0,1,0,1,1,1,1,0,0,1,0,1
56,25,200,2,27292241,6,6615040,,,,,5,0,1,1,0,0,78,0,0,95,0,77,0,0,91,0,41,0,0,95,0,28,1,976,0,0,8,1,960,0,0,5,1,960,0,0,1,1,988,0,0,,,,,,,,,,,,,,,,,,3,0,0,1,1,1,0,,,,,,,,,,,,,,,0,1
57,19,600,3,28130981,7,6615040,,,,,5,1,1,1,1,1,1,1,1020,508,0,5,1,960,448,0,8,1,,,0,28,1,976,464,0,41,1,476,479,0,77,1,,,0,78,1,476,479,0,,,,,,,,,,,,,,,,,,3,1,0,1,0,0,,,,,,,,,,,,,,,,1,15
57,19,700,3,28130981,7,6615040,,,,,5,1,1,1,1,1,1,1,1020,508,0,5,1,960,448,0,8,1,,,0,28,1,976,464,0,41,1,476,479,0,77,1,,,0,78,1,476,479,0,,,,,,,,,,,,,,,,,,3,1,0,1,0,0,,,,,,,,,,,,,,,,1,15
47,19,300,3,28550952,8,6615040,,,,,5,1,1,1,0,1,1,0,,0,0,3,0,960,0,0,38,0,0,,0,41,0,0,79,0,77,0,0,79,0,78,0,0,79,0,79,0,0,,0,80,0,,,,84,0,,,,,,,,,,,3,0,0,,,,,,,,,,,,,,,,,,,0,0
47,19,400,3,28550952,8,6615040,,,,,5,1,1,1,0,1,1,0,,0,0,3,0,960,0,0,38,0,0,,0,41,0,0,79,0,77,0,0,79,0,78,0,0,79,0,79,0,0,,0,80,0,,,,84,0,,,,,,,,,,,3,0,0,,,,,,,,,,,,,,,,,,,0,0
49,23,500,3,28550954,4,6615040,,,,,5,1,1,1,1,1,1,1,1020,508,0,5,1,960,448,0,8,1,,,0,28,1,976,464,0,41,1,476,479,0,77,1,,,0,78,1,476,479,0,,,,,,,,,,,,,,,,,,3,1,0,1,0,0,,,,,,,,,,,,,,,,1,15
49,23,600,3,28550954,4,6615040,,,,,5,1,1,1,1,1,1,1,1020,508,0,5,1,960,448,0,8,1,,,0,28,1,976,464,0,41,1,476,479,0,77,1,,,0,78,1,476,479,0,,,,,,,,,,,,,,,,,,3,1,0,1,0,0,,,,,,,,,,,,,,,,1,15
54,18,600,3,28550956,0,6615040,,,,,5,1,1,1,0,1,1,0,,0,0,3,0,,0,0,41,0,0,79,0,77,0,0,79,0,78,0,0,79,0,79,0,0,,0,80,0,,,,84,0,,,,,,,,,,,,,,,,3,0,0,,,,,,,,,,,,,,,,,,,0,0
54,18,800,3,28550956,0,6615040,,,,,5,1,1,1,0,1,1,0,,0,0,3,0,,0,0,41,0,0,79,0,77,0,0,79,0,78,0,0,79,0,79,0,0,,0,80,0,,,,84,0,,,,,,,,,,,,,,,,3,0,0,,,,,,,,,,,,,,,,,,,0,0
44,2,600,3,28969705,7,6615040,,,,,5,0,1,1,1,1,28,1,976,0,0,41,0,0,95,0,79,0,0,15,0,,,,,,,,,,,,,,,,,,,,,,,,,,,,,,,,,,,,,,3,1,0,0,,,,,,,,,,,,,,,,,,0,1
47,35,0,3,28969707,3,6615040,,,,,5,1,1,1,0,1,1,0,,0,0,3,0,960,0,0,38,0,0,,0,41,0,0,79,0,77,0,0,79,0,78,0,0,79,0,79,0,0,,0,80,0,,,,84,0,,,,,,,,,,,3,0,0,,,,,,,,,,,,,,,,,,,0,0
47,35,100,3,28969707,3,6615040,,,,,5,1,1,1,0,1,1,0,,0,0,3,0,960,0,0,38,0,0,,0,41,0,0,79,0,77,0,0,79,0,78,0,0,79,0,79,0,0,,0,80,0,,,,84,0,,,,,,,,,,,3,0,0,,,,,,,,,,,,,,,,,,,0,0
47,39,700,3,28969707,4,6615040,,,,,5,1,0,0,0,1,41,0,0,95,0,,,,,,,,,,,,,,,,,,,,,,,,,,,,,,,,,,,,,,,,,,,,,,,,1,0,,,,,,,,,,,,,,,,,,,,0,1
47,39,800,3,28969707,4,6615040,,,,,5,1,0,0,0,1,41,0,0,95,0,,,,,,,,,,,,,,,,,,,,,,,,,,,,,,,,,,,,,,,,,,,,,,,,1,0,,,,,,,,,,,,,,,,,,,,0,1
53,49,300,3,28969709,0,6615040,,,,,5,0,1,1,1,1,41,0,0,95,0,79,0,0,15,0,28,1,976,0,0,78,0,0,479,0,,,,,,,,,,,,,,,,,,,,,,,,,,,,,,,,,3,1,0,0,,,,,,,,,,,,,,,,,,0,1
53,49,400,3,28969709,0,6615040,,,,,5,0,1,1,1,1,41,0,0,95,0,79,0,0,15,0,28,1,976,0,0,78,0,0,479,0,,,,,,,,,,,,,,,,,,,,,,,,,,,,,,,,,3,1,0,0,,,,,,,,,,,,,,,,,,0,1
51,5,400,3,29389437,3,6615040,,,,,5,0,1,1,0,0,78,0,0,95,0,41,0,0,95,0,28,1,976,0,0,1,1,988,0,0,,,,,,,,,,,,,,,,,,,,,,,,,,,,,,,,,3,0,0,0,1,1,1,,,,,,,,,,,,,,,0,1
51,41,100,3,29389437,4,6615040,,,,,5,0,1,1,1,1,41,0,0,95,0,28,1,976,0,0,79,0,0,15,0,,,,,,,,,,,,,,,,,,,,,,,,,,,,,,,,,,,,,,3,1,0,0,,,,,,,,,,,,,,,,,,0,1
52,54,400,3,29389437,5,6615040,,,,,5,0,1,1,0,0,78,0,0,95,0,41,0,0,95,0,,,,,,,,,,,,,,,,,,,,,,,,,,,,,,,,,,,,,,,,,,,3,0,1,1,,,,,,,,,,,,,,,,,,0,1
56,49,500,3,29389439,2,6615040,,,,,5,1,1,1,0,1,1,0,,0,0,3,0,960,0,0,28,0,,0,,41,0,0,79,0,77,0,0,79,0,78,0,0,79,0,79,0,0,,0,,,,,,,,,,,,,,,,,,3,0,0,0,,,,,,,,,,,,,,,,,,0,0
57,9,700,3,29389439,3,6615040,,,,,5,0,1,1,1,1,28,1,976,0,0,41,0,0,95,0,,,,,,,,,,,,,,,,,,,,,,,,,,,,,,,,,,,,,,,,,,,3,1,0,,,,,,,,,,,,,,,,,,,0,1
44,3,200,3,29809124,3,6615040,,,,,5,1,1,1,0,1,1,0,,0,0,3,0,960,0,0,28,0,,0,,41,0,0,79,0,77,0,0,79,0,78,0,0,79,0,79,0,0,,0,,,,,,,,,,,,,,,,,,3,0,0,0,,,,,,,,,,,,,,,,,,0,0
47,12,200,3,29809124,4,6615040,,,,,5,1,0,0,0,1,41,0,0,95,0,,,,,,,,,,,,,,,,,,,,,,,,,,,,,,,,,,,,,,,,,,,,,,,,1,0,,,,,,,,,,,,,,,,,,,,0,1
47,12,400,3,29809124,4,6615040,,,,,5,1,0,0,0,1,41,0,0,95,0,,,,,,,,,,,,,,,,,,,,,,,,,,,,,,,,,,,,,,,,,,,,,,,,1,0,,,,,,,,,,,,,,,,,,,,0,1
51,30,700,2,29809124,5,6615040,,,,,5,0,1,1,1,1,28,1,976,0,0,41,0,0,95,0,79,0,0,15,0,,,,,,,,,,,,,,,,,,,,,,,,,,,,,,,,,,,,,,3,1,0,0,,,,,,,,,,,,,,,,,,0,1
57,52,900,3,29809127,8,6615040,,,,,5,1,0,0,0,1,79,0,0,10,0,41,0,0,79,0,,,,,,,,,,,,,,,,,,,,,,,,,,,,,,,,,,,,,,,,,,,1,0,0,1,0,0,1,1,,,,,,,,,,,,,,0,1
51,35,0,3,40294687,9,6615040,5427,375,12656800,35596,3,1,1,1,0,1,1,1,960,448,0,41,1,476,479,0,77,1,,,0,78,1,476,479,0,,,,,,,,,,,,,,,,,,,,,,,,,,,,,,,,,3,1,1,,,,,,,,,,,,,,,,,,,1,15
44,22,900,3,40714008,0,6615040,1053531,237,12656800,35596,3,1,1,1,0,1,1,1,960,448,0,41,1,476,479,0,77,1,,,0,78,1,476,479,0,,,,,,,,,,,,,,,,,,,,,,,,,,,,,,,,,3,1,1,,,,,,,,,,,,,,,,,,,1,15
47,51,0,3,41552749,7,6615040,3149763,375,12656800,35596,3,1,1,1,0,1,1,1,960,448,0,41,1,476,479,0,77,1,,,0,78,1,476,479,0,,,,,,,,,,,,,,,,,,,,,,,,,,,,,,,,,3,1,1,,,,,,,,,,,,,,,,,,,1,15
47,10,900,3,41972725,5,6615040,4194974,40,12656800,35596,3,1,1,1,0,1,1,1,960,448,0,41,1,476,479,0,77,1,,,0,78,1,476,479,0,,,,,,,,,,,,,,,,,,,,,,,,,,,,,,,,,3,1,1,,,,,,,,,,,,,,,,,,,1,15
56,11,300,3,41972728,9,6615040,4194972,239,12656800,35596,3,1,1,1,0,1,1,1,960,448,0,41,1,476,479,0,77,1,,,0,78,1,476,479,0,,,,,,,,,,,,,,,,,,,,,,,,,,,,,,,,,3,1,1,,,,,,,,,,,,,,,,,,,1,15
55,9,800,3,42391482,0,6615040,5246531,376,12656800,35596,3,1,1,1,0,1,1,1,960,448,0,41,1,476,479,0,77,1,,,0,78,1,476,479,0,,,,,,,,,,,,,,,,,,,,,,,,,,,,,,,,,3,1,1,,,,,,,,,,,,,,,,,,,1,15
44,29,100,3,42811206,8,6615040,6296480,238,12656800,35596,3,1,1,1,0,1,1,1,960,448,0,41,1,476,479,0,77,1,,,0,78,1,476,479,0,,,,,,,,,,,,,,,,,,,,,,,,,,,,,,,,,3,1,1,,,,,,,,,,,,,,,,,,,1,15
46,21,500,3,42811208,5,6615040,6296487,238,12656800,35596,3,1,1,1,0,1,1,1,960,448,0,41,1,476,479,0,77,1,,,0,78,1,476,479,0,,,,,,,,,,,,,,,,,,,,,,,,,,,,,,,,,3,1,1,,,,,,,,,,,,,,,,,,,1,15
55,42,900,3,42811211,9,6615040,6296388,41,12656800,35596,3,1,1,1,0,1,1,1,960,448,0,41,1,476,479,0,77,1,,,0,78,1,476,479,0,,,,,,,,,,,,,,,,,,,,,,,,,,,,,,,,,3,1,1,,,,,,,,,,,,,,,,,,,1,15
57,50,300,3,43230900,5,6615040,7340248,376,12656800,35596,3,1,1,1,0,1,1,1,960,448,0,41,1,476,479,0,77,1,,,0,78,1,476,479,0,,,,,,,,,,,,,,,,,,,,,,,,,,,,,,,,,3,1,1,,,,,,,,,,,,,,,,,,,1,15
46,37,300,2,53716459,2,6615121,,,,,5,1,1,1,0,1,1,0,,0,0,3,0,,0,0,28,0,976,0,,38,0,0,64,0,40,0,0,95,0,41,0,0,,0,77,0,0,79,0,78,0,0,335,0,79,0,0,,0,80,0,,,,84,0,1,0,0,0,,,,,,,,,,,,,,,,,,0,0
46,57,900,3,53716460,6,6615040,,,,,5,0,1,1,0,0,41,0,0,95,0,79,0,0,15,0,28,0,976,0,0,8,0,960,0,0,,,,,,,,,,,,,,,,,,,,,,,,,,,,,,,,,3,0,0,0,0,0,0,0,0,,,,,,,,,,,,,0,1
56,12,200,2,53716461,0,6615040,,,,,5,0,1,1,1,1,41,0,0,479,0,28,0,976,0,0,8,0,960,0,0,,,,,,,,,,,,,,,,,,,,,,,,,,,,,,,,,,,,,,3,0,0,,,,,,,,,,,,,,,,,,,0,1
56,12,400,3,53716461,1,6615040,,,,,5,0,1,1,0,0,41,0,0,95,0,79,0,0,15,0,28,0,976,0,0,8,0,960,0,0,,,,,,,,,,,,,,,,,,,,,,,,,,,,,,,,,3,0,0,0,0,0,0,0,0,,,,,,,,,,,,,0,1
56,13,200,3,53716461,2,6615040,,,,,5,1,1,1,0,1,1,1,,,,41,0,,,,78,0,,,,,,,,,,,,,,,,,,,,,,,,,,,,,,,,,,,,,,,,,3,0,0,,,,,,,,,,,,,,,,,,,1,15
56,32,600,3,53716462,4,6615040,,,,,5,0,1,1,0,1,78,0,0,95,0,41,0,0,95,0,28,0,976,0,0,,,,,,,,,,,,,,,,,,,,,,,,,,,,,,,,,,,,,,3,0,0,0,0,,,,,,,,,,,,,,,,,0,1
56,34,0,2,53716462,5,6615040,,,,,5,0,1,1,1,1,28,1,976,0,0,41,0,0,95,0,,,,,,,,,,,,,,,,,,,,,,,,,,,,,,,,,,,,,,,,,,,3,1,0,,,,,,,,,,,,,,,,,,,0,1
56,37,100,2,53716462,6,6615040,,,,,5,0,1,1,1,1,41,0,0,479,0,28,0,976,0,0,8,0,960,0,0,,,,,,,,,,,,,,,,,,,,,,,,,,,,,,,,,,,,,,3,0,0,,,,,,,,,,,,,,,,,,,0,1
56,45,300,3,53716462,7,6615040,,,,,5,0,1,1,0,0,41,0,0,95,0,79,0,0,15,0,28,0,976,0,0,8,0,960,0,0,,,,,,,,,,,,,,,,,,,,,,,,,,,,,,,,,3,0,0,0,0,0,0,0,0,,,,,,,,,,,,,0,1
49,18,100,2,54135780,9,6615040,,,,,5,0,1,1,1,1,28,1,976,0,0,41,0,0,95,0,,,,,,,,,,,,,,,,,,,,,,,,,,,,,,,,,,,,,,,,,,,3,1,0,,,,,,,,,,,,,,,,,,,0,1
49,24,900,2,54135781,0,6615040,,,,,5,0,1,1,1,1,41,0,0,95,0,28,1,976,0,0,79,0,0,15,0,,,,,,,,,,,,,,,,,,,,,,,,,,,,,,,,,,,,,,3,0,1,,,,,,,,,,,,,,,,,,,0,1
49,27,400,3,54135781,1,6615040,,,,,5,0,1,1,0,0,41,0,0,95,0,79,0,0,15,0,28,0,976,0,0,8,0,960,0,0,,,,,,,,,,,,,,,,,,,,,,,,,,,,,,,,,3,0,0,0,0,0,0,0,0,,,,,,,,,,,,,0,1
49,37,400,2,54135782,3,6615121,,,,,5,1,1,1,0,1,1,0,,0,0,3,0,,0,0,28,0,976,0,,38,0,0,64,0,40,0,0,95,0,41,0,0,,0,77,0,0,79,0,78,0,0,335,0,79,0,0,,0,80,0,,,,84,0,1,0,0,0,,,,,,,,,,,,,,,,,,0,0
50,10,300,3,54135782,4,6615040,,,,,5,0,1,1,0,0,41,0,0,95,0,79,0,0,15,0,28,0,976,0,0,8,0,960,0,0,,,,,,,,,,,,,,,,,,,,,,,,,,,,,,,,,3,0,0,0,0,0,0,0,0,,,,,,,,,,,,,0,1
50,14,600,3,54135782,5,6615040,,,,,5,1,1,1,1,1,1,1,960,448,0,28,1,976,464,0,41,1,476,479,0,77,1,460,463,0,78,1,476,479,0,,,,,,,,,,,,,,,,,,,,,,,,,,,,3,1,0,1,0,1,0,1,0,,,,,,,,,,,,,1,15
50,15,600,2,54135782,6,6615040,,,,,5,0,1,1,1,1,41,0,0,95,0,28,1,976,0,0,,,,,,,,,,,,,,,,,,,,,,,,,,,,,,,,,,,,,,,,,,,3,0,1,,,,,,,,,,,,,,,,,,,0,1
50,36,100,3,54135782,7,6615040,,,,,5,0,1,1,1,1,79,0,0,15,0,41,0,0,95,0,28,1,976,0,0,,,,,,,,,,,,,,,,,,,,,,,,,,,,,,,,,,,,,,3,0,0,1,,,,,,,,,,,,,,,,,,0,1
50,38,400,2,54135782,8,6615121,,,,,5,0,1,1,1,1,41,0,0,95,0,28,1,976,0,0,,,,,,,,,,,,,,,,,,,,,,,,,,,,,,,,,,,,,,,,,,,3,0,1,,,,,,,,,,,,,,,,,,,0,1
54,46,800,2,54135784,1,6615040,,,,,5,0,1,1,1,1,41,0,0,95,0,28,1,976,0,0,79,0,0,15,0,,,,,,,,,,,,,,,,,,,,,,,,,,,,,,,,,,,,,,3,1,0,0,0,0,,,,,,,,,,,,,,,,0,1
54,59,0,2,54135784,2,6615040,,,,,5,0,1,1,1,1,41,0,0,95,0,28,1,976,0,0,78,0,0,479,0,,,,,,,,,,,,,,,,,,,,,,,,,,,,,,,,,,,,,,3,1,0,0,0,,,,,,,,,,,,,,,,,0,1
54,59,400,3,54135784,3,6615040,,,,,5,0,1,1,0,0,41,0,0,95,0,79,0,0,15,0,28,0,976,0,0,8,0,960,0,0,,,,,,,,,,,,,,,,,,,,,,,,,,,,,,,,,3,0,0,0,0,0,0,0,0,,,,,,,,,,,,,0,1
55,4,400,3,54135784,4,6615040,,,,,5,1,1,1,0,1,1,1,,,,41,0,,,,78,0,,,,,,,,,,,,,,,,,,,,,,,,,,,,,,,,,,,,,,,,,3,0,0,,,,,,,,,,,,,,,,,,,1,15
55,7,500,3,54135784,5,6615040,,,,,5,1,1,1,1,1,1,1,1020,508,0,3,1,1020,508,0,5,1,992,480,0,8,1,960,448,0,28,1,976,464,0,38,1,1016,504,0,40,1,1020,511,0,41,1,476,479,0,77,1,508,511,0,78,1,476,479,0,,,3,0,1,1,,,,,,,,,,,,,,,,,,1,3
55,20,300,3,54135785,6,6615040,,,,,5,1,1,1,0,1,1,1,,,,41,0,,,,78,0,,,,,,,,,,,,,,,,,,,,,,,,,,,,,,,,,,,,,,,,,3,0,0,,,,,,,,,,,,,,,,,,,1,15
55,23,700,2,54135785,8,6615040,,,,,5,0,1,1,1,1,41,0,0,95,0,28,1,976,0,0,78,0,0,479,0,,,,,,,,,,,,,,,,,,,,,,,,,,,,,,,,,,,,,,3,1,0,0,0,,,,,,,,,,,,,,,,,0,1
55,35,0,3,54135785,9,6615040,,,,,5,1,1,1,0,1,1,1,,,,41,0,,,,78,0,,,,,,,,,,,,,,,,,,,,,,,,,,,,,,,,,,,,,,,,,3,0,0,,,,,,,,,,,,,,,,,,,1,15
55,38,500,3,54135787,0,6615040,,,,,5,0,1,1,0,0,41,0,0,95,0,79,0,0,15,0,28,0,976,0,0,8,0,960,0,0,,,,,,,,,,,,,,,,,,,,,,,,,,,,,,,,,3,0,0,0,0,0,0,0,0,,,,,,,,,,,,,0,1
44,14,300,2,54555230,2,6615040,,,,,5,0,1,1,1,1,41,0,0,95,0,28,1,976,0,0,,,,,,,,,,,,,,,,,,,,,,,,,,,,,,,,,,,,,,,,,,,3,0,1,,,,,,,,,,,,,,,,,,,0,1
44,17,200,2,54555230,3,6615121,,,,,5,1,1,1,0,1,1,0,,0,0,3,0,,0,0,28,0,976,0,,38,0,0,64,0,40,0,0,95,0,41,0,0,,0,77,0,0,79,0,78,0,0,335,0,79,0,0,,0,80,0,,,,84,0,1,0,0,0,,,,,,,,,,,,,,,,,,0,0
44,34,900,3,54555231,6,6615040,,,,,5,0,1,1,0,0,41,0,0,95,0,79,0,0,15,0,28,0,976,0,0,8,0,960,0,0,,,,,,,,,,,,,,,,,,,,,,,,,,,,,,,,,3,0,0,0,0,0,0,0,0,,,,,,,,,,,,,0,1
45,15,400,3,54555231,7,6615040,,,,,5,1,0,0,0,1,41,0,0,95,0,,,,,,,,,,,,,,,,,,,,,,,,,,,,,,,,,,,,,,,,,,,,,,,,1,0,,,,,,,,,,,,,,,,,,,,0,1
45,24,0,2,54555231,8,6615040,,,,,5,0,1,1,1,1,28,1,976,0,0,41,0,0,95,0,,,,,,,,,,,,,,,,,,,,,,,,,,,,,,,,,,,,,,,,,,,3,1,0,,,,,,,,,,,,,,,,,,,0,1
45,30,600,2,54555231,9,6615121,,,,,5,0,1,1,1,1,41,0,0,95,0,28,1,976,0,0,,,,,,,,,,,,,,,,,,,,,,,,,,,,,,,,,,,,,,,,,,,3,0,1,,,,,,,,,,,,,,,,,,,0,1
45,32,100,2,54555232,0,6615121,,,,,5,1,1,1,0,1,1,0,,0,0,3,0,,0,0,28,0,976,0,,38,0,0,64,0,40,0,0,95,0,41,0,0,,0,77,0,0,79,0,78,0,0,335,0,79,0,0,,0,80,0,,,,84,0,1,0,0,0,,,,,,,,,,,,,,,,,,0,0
45,35,400,3,54555232,1,6615040,,,,,5,1,1,1,1,1,1,1,1020,508,0,3,1,1020,508,0,5,1,992,480,0,8,1,960,448,0,28,1,976,464,0,38,1,1016,504,0,40,1,1020,511,0,41,1,476,479,0,77,1,508,511,0,78,1,476,479,0,,,3,0,1,1,,,,,,,,,,,,,,,,,,1,3
45,42,300,3,54555233,2,6615040,,,,,5,0,1,1,0,0,41,0,0,95,0,79,0,0,15,0,28,0,976,0,0,8,0,960,0,0,,,,,,,,,,,,,,,,,,,,,,,,,,,,,,,,,3,0,0,0,0,0,0,0,0,,,,,,,,,,,,,0,1
46,1,500,3,54555233,4,6615040,,,,,5,1,1,1,1,1,1,1,1016,504,0,5,1,960,448,0,8,1,,,0,28,1,976,464,0,41,1,476,479,0,78,1,476,479,0,,,,,,,,,,,,,,,,,,,,,,,3,1,1,1,1,1,1,1,1,,,,,,,,,,,,,1,15
46,1,600,2,54555233,5,6615040,,,,,5,1,1,1,1,1,41,0,0,95,0,28,1,976,0,0,79,0,0,15,0,,,,,,,,,,,,,,,,,,,,,,,,,,,,,,,,,,,,,,3,0,1,,,,,,,,,,,,,,,,,,,0,1
46,4,500,2,54555234,6,6615121,,,,,5,0,1,1,1,1,41,0,0,95,0,28,1,976,0,0,,,,,,,,,,,,,,,,,,,,,,,,,,,,,,,,,,,,,,,,,,,3,0,1,,,,,,,,,,,,,,,,,,,0,1
46,5,500,2,54555234,7,6615040,,,,,5,0,1,1,1,1,41,0,0,95,0,28,1,976,0,0,79,0,0,15,0,,,,,,,,,,,,,,,,,,,,,,,,,,,,,,,,,,,,,,3,1,0,0,0,0,,,,,,,,,,,,,,,,0,1
46,13,900,3,54555234,8,6615040,,,,,5,1,1,1,1,1,1,1,1020,508,0,3,1,1020,508,0,5,1,992,480,0,8,1,960,448,0,28,1,976,464,0,38,1,1016,504,0,40,1,1020,511,0,41,1,476,479,0,77,1,508,511,0,78,1,476,479,0,,,3,0,1,1,,,,,,,,,,,,,,,,,,1,3
46,17,300,2,54555234,9,6615121,,,,,5,1,1,1,0,1,1,0,,0,0,3,0,,0,0,28,0,976,0,,38,0,0,64,0,40,0,0,95,0,41,0,0,,0,77,0,0,79,0,78,0,0,335,0,79,0,0,,0,80,0,,,,84,0,1,0,0,0,,,,,,,,,,,,,,,,,,0,0
46,20,300,3,54555235,0,6615040,,,,,5,1,0,0,0,1,41,0,0,95,0,,,,,,,,,,,,,,,,,,,,,,,,,,,,,,,,,,,,,,,,,,,,,,,,1,0,,,,,,,,,,,,,,,,,,,,0,1
46,25,400,3,54555235,1,6615040,,,,,5,0,1,1,0,0,41,0,0,95,0,79,0,0,15,0,28,0,976,0,0,8,0,960,0,0,,,,,,,,,,,,,,,,,,,,,,,,,,,,,,,,,3,0,0,0,0,0,0,0,0,,,,,,,,,,,,,0,1
47,41,500,3,54555236,2,6615040,,,,,5,0,1,1,0,0,41,0,0,95,0,79,0,0,15,0,28,0,976,0,0,8,0,960,0,0,,,,,,,,,,,,,,,,,,,,,,,,,,,,,,,,,3,0,0,0,0,0,0,0,0,,,,,,,,,,,,,0,1
47,49,500,2,54555236,3,6615040,,,,,5,1,1,1,1,1,41,0,0,95,0,28,1,976,0,0,79,0,0,15,0,,,,,,,,,,,,,,,,,,,,,,,,,,,,,,,,,,,,,,3,0,1,,,,,,,,,,,,,,,,,,,0,1
47,54,100,2,54555236,4,6615040,,,,,5,0,1,1,1,1,41,0,0,95,0,28,1,976,0,0,79,0,0,15,0,,,,,,,,,,,,,,,,,,,,,,,,,,,,,,,,,,,,,,3,1,0,0,0,0,,,,,,,,,,,,,,,,0,1
47,56,200,2,54555236,5,6615121,,,,,5,1,1,1,0,1,1,0,,0,0,3,0,,0,0,28,0,976,0,,38,0,0,64,0,40,0,0,95,0,41,0,0,,0,77,0,0,79,0,78,0,0,335,0,79,0,0,,0,80,0,,,,84,0,1,0,0,0,,,,,,,,,,,,,,,,,,0,0
48,3,100,2,54555236,6,6615040,,,,,5,0,1,1,1,1,41,0,0,95,0,28,1,976,0,0,,,,,,,,,,,,,,,,,,,,,,,,,,,,,,,,,,,,,,,,,,,3,0,1,,,,,,,,,,,,,,,,,,,0,1
50,49,200,3,54555237,7,6615040,,,,,5,0,1,1,0,0,41,0,0,95,0,79,0,0,15,0,28,0,976,0,0,8,0,960,0,0,,,,,,,,,,,,,,,,,,,,,,,,,,,,,,,,,3,0,0,0,0,0,0,0,0,,,,,,,,,,,,,0,1
50,57,200,2,54555237,8,6615040,,,,,5,0,1,1,1,1,41,0,0,95,0,28,1,976,0,0,,,,,,,,,,,,,,,,,,,,,,,,,,,,,,,,,,,,,,,,,,,3,0,1,,,,,,,,,,,,,,,,,,,0,1
51,4,800,2,54555237,9,6615040,,,,,5,0,1,1,1,1,41,0,0,95,0,28,1,976,0,0,79,0,0,15,0,,,,,,,,,,,,,,,,,,,,,,,,,,,,,,,,,,,,,,3,1,0,0,0,0,,,,,,,,,,,,,,,,0,1
51,6,200,3,54555238,0,6615040,,,,,5,1,1,1,1,1,41,0,0,95,0,28,1,976,0,0,79,0,0,15,0,,,,,,,,,,,,,,,,,,,,,,,,,,,,,,,,,,,,,,3,0,1,,,,,,,,,,,,,,,,,,,0,1
51,14,500,2,54555239,1,6615040,,,,,5,0,1,1,1,1,41,0,0,95,0,28,1,976,0,0,,,,,,,,,,,,,,,,,,,,,,,,,,,,,,,,,,,,,,,,,,,3,0,1,,,,,,,,,,,,,,,,,,,0,1
56,55,500,3,54555239,2,6615040,,,,,5,0,1,1,0,0,78,0,0,95,0,77,0,0,91,0,41,0,0,95,0,28,1,976,0,0,8,1,960,0,0,5,1,960,0,0,1,1,988,0,0,,,,,,,,,,,,,,,,,,3,0,0,1,1,1,0,,,,,,,,,,,,,,,0,1
57,9,100,2,54555239,3,6615040,,,,,5,0,1,1,1,1,28,1,976,0,0,41,0,0,95,0,,,,,,,,,,,,,,,,,,,,,,,,,,,,,,,,,,,,,,,,,,,3,1,0,,,,,,,,,,,,,,,,,,,0,1
57,19,400,3,54555239,4,6615040,,,,,5,0,1,1,0,0,41,0,0,95,0,79,0,0,15,0,28,0,976,0,0,8,0,960,0,0,,,,,,,,,,,,,,,,,,,,,,,,,,,,,,,,,3,0,0,0,0,0,0,0,0,,,,,,,,,,,,,0,1
57,43,600,3,54555240,6,6615040,,,,,5,0,1,1,0,1,78,0,0,95,0,41,0,0,95,0,28,0,976,0,0,,,,,,,,,,,,,,,,,,,,,,,,,,,,,,,,,,,,,,3,0,0,0,0,,,,,,,,,,,,,,,,,0,1
57,19,300,2,54555240,7,6615040,,,,,5,0,1,1,1,1,28,1,976,0,0,41,0,0,95,0,,,,,,,,,,,,,,,,,,,,,,,,,,,,,,,,,,,,,,,,,,,3,1,0,,,,,,,,,,,,,,,,,,,0,1
48,15,400,3,54974522,6,6615040,,,,,5,0,1,1,0,0,41,0,0,95,0,79,0,0,15,0,28,0,976,0,0,8,0,960,0,0,,,,,,,,,,,,,,,,,,,,,,,,,,,,,,,,,3,0,0,0,0,0,0,0,0,,,,,,,,,,,,,0,1
48,17,500,2,54974522,7,6615121,,,,,5,1,1,1,0,1,1,0,,0,0,3,0,,0,0,28,0,976,0,,38,0,0,64,0,40,0,0,95,0,41,0,0,,0,77,0,0,79,0,78,0,0,335,0,79,0,0,,0,80,0,,,,84,0,1,0,0,0,,,,,,,,,,,,,,,,,,0,0
48,18,200,3,54974522,8,6615040,,,,,5,1,1,1,1,1,28,1,976,464,0,41,1,476,479,0,77,1,,,0,78,1,476,479,0,,,,,,,,,,,,,,,,,,,,,,,,,,,,,,,,,3,1,0,1,0,,,,,,,,,,,,,,,,,1,15
48,31,400,2,54974522,9,6615121,,,,,5,0,1,1,1,1,41,0,0,95,0,28,1,976,0,0,,,,,,,,,,,,,,,,,,,,,,,,,,,,,,,,,,,,,,,,,,,3,0,1,,,,,,,,,,,,,,,,,,,0,1
48,32,900,2,54974524,0,6615040,,,,,5,0,1,1,0,0,41,0,0,95,0,79,0,0,15,0,28,1,976,0,0,78,0,0,95,0,,,,,,,,,,,,,,,,,,,,,,,,,,,,,,,,,3,0,0,1,1,1,0,0,1,,,,,,,,,,,,,0,1
51,56,500,3,54974524,1,6615040,,,,,5,0,1,1,0,0,41,0,0,95,0,79,0,0,15,0,28,0,976,0,0,8,0,960,0,0,,,,,,,,,,,,,,,,,,,,,,,,,,,,,,,,,3,0,0,0,0,0,0,0,0,,,,,,,,,,,,,0,1
52,4,300,2,54974524,2,6615040,,,,,5,0,1,1,1,1,41,0,0,95,0,28,1,976,0,0,,,,,,,,,,,,,,,,,,,,,,,,,,,,,,,,,,,,,,,,,,,3,0,1,,,,,,,,,,,,,,,,,,,0,1
52,7,0,3,54974524,3,6615040,,,,,5,1,1,1,0,1,1,1,,,,41,0,,,,78,0,,,,,,,,,,,,,,,,,,,,,,,,,,,,,,,,,,,,,,,,,3,0,0,,,,,,,,,,,,,,,,,,,1,15
52,24,300,3,54974525,5,6615040,,,,,5,1,1,1,0,1,1,1,,,,41,0,,,,78,0,,,,,,,,,,,,,,,,,,,,,,,,,,,,,,,,,,,,,,,,,3,0,0,,,,,,,,,,,,,,,,,,,1,15
52,35,200,3,54974525,6,6615040,,,,,5,0,1,1,0,0,41,0,0,95,0,79,0,0,15,0,28,0,976,0,0,8,0,960,0,0,,,,,,,,,,,,,,,,,,,,,,,,,,,,,,,,,3,0,0,0,0,0,0,0,0,,,,,,,,,,,,,0,1
52,35,500,3,54974525,7,6615040,,,,,5,1,1,1,1,1,1,1,1020,508,0,3,1,1020,508,0,5,1,992,480,0,8,1,960,448,0,28,1,976,464,0,38,1,1016,504,0,40,1,1020,511,0,41,1,476,479,0,77,1,508,511,0,78,1,476,479,0,,,3,0,1,1,,,,,,,,,,,,,,,,,,1,3
52,40,700,2,54974525,8,6615040,,,,,5,0,1,1,1,1,28,1,976,0,0,41,0,0,95,0,,,,,,,,,,,,,,,,,,,,,,,,,,,,,,,,,,,,,,,,,,,3,1,0,,,,,,,,,,,,,,,,,,,0,1
52,58,800,3,54974527,0,6615040,,,,,5,0,1,1,1,1,41,0,0,95,0,79,0,0,15,0,28,1,976,0,0,78,0,0,479,0,,,,,,,,,,,,,,,,,,,,,,,,,,,,,,,,,3,1,0,0,,,,,,,,,,,,,,,,,,0,1
52,35,900,3,54974527,2,6615040,,,,,5,1,1,1,0,1,1,1,,,,41,0,,,,78,0,,,,,,,,,,,,,,,,,,,,,,,,,,,,,,,,,,,,,,,,,3,0,0,,,,,,,,,,,,,,,,,,,1,15
43,50,900,3,55394498,1,6615040,,,,,5,0,1,1,1,1,41,0,0,95,0,79,0,0,15,0,28,1,976,0,0,78,0,0,479,0,,,,,,,,,,,,,,,,,,,,,,,,,,,,,,,,,3,1,0,0,,,,,,,,,,,,,,,,,,0,1
48,37,300,2,55394498,5,6615121,,,,,5,1,1,1,0,1,1,0,,0,0,3,0,,0,0,28,0,976,0,,38,0,0,64,0,40,0,0,95,0,41,0,0,,0,77,0,0,79,0,78,0,0,335,0,79,0,0,,0,80,0,,,,84,0,1,0,0,0,,,,,,,,,,,,,,,,,,0,0
48,54,400,3,55394498,6,6615040,,,,,5,0,1,1,0,0,41,0,0,95,0,79,0,0,15,0,28,0,976,0,0,8,0,960,0,0,,,,,,,,,,,,,,,,,,,,,,,,,,,,,,,,,3,0,0,0,0,0,0,0,0,,,,,,,,,,,,,0,1
48,57,400,2,55394498,7,6615121,,,,,5,1,1,1,0,1,1,0,,0,0,3,0,,0,0,28,0,976,0,,38,0,0,64,0,40,0,0,95,0,41,0,0,,0,77,0,0,79,0,78,0,0,335,0,79,0,0,,0,80,0,,,,84,0,1,0,0,0,,,,,,,,,,,,,,,,,,0,0
49,5,400,3,55394499,9,6615040,,,,,5,1,1,1,1,1,1,1,1020,508,0,3,1,1020,508,0,5,1,992,480,0,8,1,960,448,0,28,1,976,464,0,38,1,1016,504,0,40,1,1020,511,0,41,1,476,479,0,77,1,508,511,0,78,1,476,479,0,,,3,0,1,1,,,,,,,,,,,,,,,,,,1,3
51,23,400,3,55394500,1,6615040,,,,,5,0,1,1,0,0,41,0,0,95,0,79,0,0,15,0,28,0,976,0,0,8,0,960,0,0,,,,,,,,,,,,,,,,,,,,,,,,,,,,,,,,,3,0,0,0,0,0,0,0,0,,,,,,,,,,,,,0,1
51,31,700,2,55394500,2,6615040,,,,,5,0,1,1,1,1,41,0,0,95,0,28,1,976,0,0,,,,,,,,,,,,,,,,,,,,,,,,,,,,,,,,,,,,,,,,,,,3,0,1,,,,,,,,,,,,,,,,,,,0,1
51,35,200,3,55394500,3,6615040,,,,,5,1,1,1,0,1,1,1,,,,41,0,,,,78,0,,,,,,,,,,,,,,,,,,,,,,,,,,,,,,,,,,,,,,,,,3,0,0,,,,,,,,,,,,,,,,,,,1,15
51,52,300,3,55394501,5,6615040,,,,,5,1,1,1,0,1,1,1,,,,41,0,,,,78,0,,,,,,,,,,,,,,,,,,,,,,,,,,,,,,,,,,,,,,,,,3,0,0,,,,,,,,,,,,,,,,,,,1,15
47,3,100,2,55813251,4,6615040,,,,,5,0,1,1,1,1,41,0,0,95,0,28,1,976,0,0,79,0,0,15,0,,,,,,,,,,,,,,,,,,,,,,,,,,,,,,,,,,,,,,3,1,0,0,0,0,,,,,,,,,,,,,,,,0,1
47,17,300,2,55813251,5,6615121,,,,,5,1,1,1,0,1,1,0,,0,0,3,0,,0,0,28,0,976,0,,38,0,0,64,0,40,0,0,95,0,41,0,0,,0,77,0,0,79,0,78,0,0,335,0,79,0,0,,0,80,0,,,,84,0,1,0,0,0,,,,,,,,,,,,,,,,,,0,0
47,37,800,2,55813252,8,6615121,,,,,5,0,1,1,1,1,41,0,0,95,0,28,1,976,0,0,,,,,,,,,,,,,,,,,,,,,,,,,,,,,,,,,,,,,,,,,,,3,0,1,,,,,,,,,,,,,,,,,,,0,1
53,37,0,2,55813253,1,6615121,,,,,5,0,1,1,1,1,41,0,0,95,0,28,1,976,0,0,,,,,,,,,,,,,,,,,,,,,,,,,,,,,,,,,,,,,,,,,,,3,0,1,,,,,,,,,,,,,,,,,,,0,1
53,42,400,3,55813253,2,6615040,,,,,5,1,1,1,0,1,1,1,,,,41,0,,,,78,0,,,,,,,,,,,,,,,,,,,,,,,,,,,,,,,,,,,,,,,,,3,0,0,,,,,,,,,,,,,,,,,,,1,15
53,51,400,2,55813253,3,6615040,,,,,5,0,1,1,0,0,41,0,0,95,0,79,0,0,15,0,28,1,976,0,0,78,0,0,95,0,,,,,,,,,,,,,,,,,,,,,,,,,,,,,,,,,3,0,0,1,1,1,0,0,1,,,,,,,,,,,,,0,1
53,53,100,2,55813253,4,6615121,,,,,5,0,1,1,1,1,41,0,0,95,0,28,1,976,0,0,,,,,,,,,,,,,,,,,,,,,,,,,,,,,,,,,,,,,,,,,,,3,0,1,,,,,,,,,,,,,,,,,,,0,1
53,59,100,2,55813253,5,6615121,,,,,5,1,1,1,0,1,1,0,,0,0,3,0,,0,0,28,0,976,0,,38,0,0,64,0,40,0,0,95,0,41,0,0,,0,77,0,0,79,0,78,0,0,335,0,79,0,0,,0,80,0,,,,84,0,1,0,0,0,,,,,,,,,,,,,,,,,,0,0
54,13,500,2,55813254,7,6615121,,,,,5,1,1,1,0,1,1,0,,0,0,3,0,,0,0,28,0,976,0,,38,0,0,64,0,40,0,0,95,0,41,0,0,,0,77,0,0,79,0,78,0,0,335,0,79,0,0,,0,80,0,,,,84,0,1,0,0,0,,,,,,,,,,,,,,,,,,0,0
57,50,300,2,55813254,9,6615040,,,,,5,0,1,1,1,1,28,1,976,0,0,41,0,0,95,0,,,,,,,,,,,,,,,,,,,,,,,,,,,,,,,,,,,,,,,,,,,3,1,0,,,,,,,,,,,,,,,,,,,0,1
58,5,100,2,55813255,0,6615121,,,,,5,0,1,1,1,1,41,0,0,95,0,28,1,976,0,0,,,,,,,,,,,,,,,,,,,,,,,,,,,,,,,,,,,,,,,,,,,3,0,1,,,,,,,,,,,,,,,,,,,0,1
58,6,500,3,55813255,1,6615040,,,,,5,0,1,1,1,1,28,1,976,0,0,41,0,0,95,0,,,,,,,,,,,,,,,,,,,,,,,,,,,,,,,,,,,,,,,,,,,3,1,0,,,,,,,,,,,,,,,,,,,0,1
58,10,800,2,55813255,2,6615040,,,,,5,0,1,1,1,1,28,1,976,0,0,41,0,0,95,0,,,,,,,,,,,,,,,,,,,,,,,,,,,,,,,,,,,,,,,,,,,3,1,0,,,,,,,,,,,,,,,,,,,0,1
58,17,100,3,55813256,3,6615040,,,,,5,1,1,1,0,1,1,1,,,,41,0,,,,78,0,,,,,,,,,,,,,,,,,,,,,,,,,,,,,,,,,,,,,,,,,3,0,0,,,,,,,,,,,,,,,,,,,1,15
44,45,100,2,56232979,7,6615121,,,,,5,0,1,1,1,1,41,0,0,95,0,28,1,976,0,0,,,,,,,,,,,,,,,,,,,,,,,,,,,,,,,,,,,,,,,,,,,3,0,1,,,,,,,,,,,,,,,,,,,0,1
44,54,200,2,56232979,8,6615121,,,,,5,1,1,1,0,1,1,0,,0,0,3,0,,0,0,28,0,976,0,,38,0,0,64,0,40,0,0,95,0,41,0,0,,0,77,0,0,79,0,78,0,0,335,0,79,0,0,,0,80,0,,,,84,0,1,0,0,0,,,,,,,,,,,,,,,,,,0,0
44,57,500,3,56232979,9,6615040,,,,,5,0,1,1,1,1,41,0,0,95,0,79,0,0,15,0,28,1,976,0,0,78,0,0,479,0,,,,,,,,,,,,,,,,,,,,,,,,,,,,,,,,,3,1,0,0,,,,,,,,,,,,,,,,,,0,1
45,2,200,2,56232980,0,6615040,,,,,5,0,1,1,1,1,41,0,0,95,0,28,1,976,0,0,79,0,0,15,0,,,,,,,,,,,,,,,,,,,,,,,,,,,,,,,,,,,,,,3,1,0,0,0,0,,,,,,,,,,,,,,,,0,1
45,8,400,3,56232981,1,6615040,,,,,5,0,1,1,0,0,41,0,0,95,0,79,0,0,15,0,28,0,976,0,0,8,0,960,0,0,,,,,,,,,,,,,,,,,,,,,,,,,,,,,,,,,3,0,0,0,0,0,0,0,0,,,,,,,,,,,,,0,1
44,55,400,2,56232981,2,6615121,,,,,5,0,1,1,1,1,41,0,0,95,0,28,1,976,0,0,,,,,,,,,,,,,,,,,,,,,,,,,,,,,,,,,,,,,,,,,,,3,0,1,,,,,,,,,,,,,,,,,,,0,1
49,53,600,2,56232981,4,6615121,,,,,5,0,1,1,1,1,41,0,0,95,0,28,1,976,0,0,,,,,,,,,,,,,,,,,,,,,,,,,,,,,,,,,,,,,,,,,,,3,0,1,,,,,,,,,,,,,,,,,,,0,1
50,9,0,3,56232982,8,6615040,,,,,5,1,1,1,1,1,1,1,1020,508,0,3,1,1020,508,0,5,1,992,480,0,8,1,960,448,0,28,1,976,464,0,38,1,1016,504,0,40,1,1020,511,0,41,1,476,479,0,77,1,508,511,0,78,1,476,479,0,,,3,0,1,1,,,,,,,,,,,,,,,,,,1,3
52,59,500,2,56232983,2,6615040,,,,,5,0,1,1,1,1,28,1,976,0,0,41,0,0,95,0,,,,,,,,,,,,,,,,,,,,,,,,,,,,,,,,,,,,,,,,,,,3,1,0,,,,,,,,,,,,,,,,,,,0,1
53,4,400,3,56232983,3,6615040,,,,,5,0,1,1,0,0,41,0,0,95,0,79,0,0,15,0,28,0,976,0,0,8,0,960,0,0,,,,,,,,,,,,,,,,,,,,,,,,,,,,,,,,,3,0,0,0,0,0,0,0,0,,,,,,,,,,,,,0,1
53,11,500,2,56232983,4,6615121,,,,,5,1,1,1,0,1,1,0,,0,0,3,0,,0,0,28,0,976,0,,38,0,0,64,0,40,0,0,95,0,41,0,0,,0,77,0,0,79,0,78,0,0,335,0,79,0,0,,0,80,0,,,,84,0,1,0,0,0,,,,,,,,,,,,,,,,,,0,0
53,13,600,3,56232983,5,6615040,,,,,5,1,1,1,0,1,1,1,,,,41,0,,,,78,0,,,,,,,,,,,,,,,,,,,,,,,,,,,,,,,,,,,,,,,,,3,0,0,,,,,,,,,,,,,,,,,,,1,15
53,30,800,2,56232984,6,6615040,,,,,5,0,1,1,1,1,28,1,976,0,0,41,0,0,95,0,,,,,,,,,,,,,,,,,,,,,,,,,,,,,,,,,,,,,,,,,,,3,1,0,,,,,,,,,,,,,,,,,,,0,1
58,21,200,3,56232985,0,6615040,,,,,5,0,1,1,1,1,28,1,976,0,0,41,0,0,95,0,,,,,,,,,,,,,,,,,,,,,,,,,,,,,,,,,,,,,,,,,,,3,1,0,,,,,,,,,,,,,,,,,,,0,1
58,23,400,2,56232985,1,6615121,,,,,5,1,1,1,0,1,1,0,,0,0,3,0,,0,0,28,0,976,0,,38,0,0,64,0,40,0,0,95,0,41,0,0,,0,77,0,0,79,0,78,0,0,335,0,79,0,0,,0,80,0,,,,84,0,1,0,0,0,,,,,,,,,,,,,,,,,,0,0
58,25,500,2,56232985,2,6615040,,,,,5,0,1,1,1,1,28,1,976,0,0,41,0,0,95,0,,,,,,,,,,,,,,,,,,,,,,,,,,,,,,,,,,,,,,,,,,,3,1,0,,,,,,,,,,,,,,,,,,,0,1
58,41,400,3,56232985,3,6615040,,,,,5,0,1,1,0,0,41,0,0,95,0,79,0,0,15,0,28,0,976,0,0,8,0,960,0,0,,,,,,,,,,,,,,,,,,,,,,,,,,,,,,,,,3,0,0,0,0,0,0,0,0,,,,,,,,,,,,,0,1
43,53,100,2,56652668,4,6615121,,,,,5,0,1,1,1,1,41,0,0,95,0,28,1,976,0,0,,,,,,,,,,,,,,,,,,,,,,,,,,,,,,,,,,,,,,,,,,,3,0,1,,,,,,,,,,,,,,,,,,,0,1
43,54,400,2,56652668,5,6615040,,,,,5,1,1,1,1,1,41,0,0,95,0,28,1,976,0,0,79,0,0,15,0,,,,,,,,,,,,,,,,,,,,,,,,,,,,,,,,,,,,,,3,0,1,,,,,,,,,,,,,,,,,,,0,1
43,57,200,2,56652668,6,6615121,,,,,5,1,1,1,0,1,1,0,,0,0,3,0,,0,0,28,0,976,0,,38,0,0,64,0,40,0,0,95,0,41,0,0,,0,77,0,0,79,0,78,0,0,335,0,79,0,0,,0,80,0,,,,84,0,1,0,0,0,,,,,,,,,,,,,,,,,,0,0
43,59,400,3,56652668,7,6615040,,,,,5,0,1,1,0,0,41,0,0,95,0,79,0,0,15,0,28,0,976,0,0,8,0,960,0,0,,,,,,,,,,,,,,,,,,,,,,,,,,,,,,,,,3,0,0,0,0,0,0,0,0,,,,,,,,,,,,,0,1
44,1,700,3,56652668,8,6615040,,,,,5,1,0,0,0,1,79,0,0,10,0,41,0,0,79,0,,,,,,,,,,,,,,,,,,,,,,,,,,,,,,,,,,,,,,,,,,,1,0,0,1,0,0,1,1,,,,,,,,,,,,,,0,1
54,3,900,3,56652670,2,6615040,,,,,5,1,1,1,1,1,1,1,1020,508,0,3,1,1020,508,0,5,1,992,480,0,8,1,960,448,0,28,1,976,464,0,38,1,1016,504,0,40,1,1020,511,0,41,1,476,479,0,77,1,508,511,0,78,1,476,479,0,,,3,0,1,1,,,,,,,,,,,,,,,,,,1,3
54,5,300,2,56652670,3,6615040,,,,,5,0,1,1,1,1,28,1,976,0,0,41,0,0,95,0,,,,,,,,,,,,,,,,,,,,,,,,,,,,,,,,,,,,,,,,,,,3,1,0,,,,,,,,,,,,,,,,,,,0,1
54,11,200,2,56652670,4,6615040,,,,,5,1,0,0,0,1,79,0,0,10,0,41,0,0,79,0,,,,,,,,,,,,,,,,,,,,,,,,,,,,,,,,,,,,,,,,,,,1,0,0,1,1,0,0,0,0,0,0,0,0,0,1,,,,,,,0,1
54,25,500,3,56652670,5,6615040,,,,,5,0,1,1,0,0,41,0,0,95,0,79,0,0,15,0,28,0,976,0,0,8,0,960,0,0,,,,,,,,,,,,,,,,,,,,,,,,,,,,,,,,,3,0,0,0,0,0,0,0,0,,,,,,,,,,,,,0,1
54,43,300,3,56652671,6,6615040,,,,,5,0,1,1,0,1,78,0,0,95,0,41,0,0,95,0,28,0,976,0,0,,,,,,,,,,,,,,,,,,,,,,,,,,,,,,,,,,,,,,3,0,0,0,0,,,,,,,,,,,,,,,,,0,1
54,16,100,3,56652671,7,6615040,,,,,5,1,1,1,1,1,1,1,1020,508,0,3,1,1020,508,0,5,1,992,480,0,8,1,960,448,0,28,1,976,464,0,38,1,1016,504,0,40,1,1020,511,0,41,1,476,479,0,77,1,508,511,0,78,1,476,479,0,,,3,0,1,1,,,,,,,,,,,,,,,,,,1,3
55,47,400,2,56652671,8,6615121,,,,,5,1,1,1,0,1,1,0,,0,0,3,0,,0,0,28,0,976,0,,38,0,0,64,0,40,0,0,95,0,41,0,0,,0,77,0,0,79,0,78,0,0,335,0,79,0,0,,0,80,0,,,,84,0,1,0,0,0,,,,,,,,,,,,,,,,,,0,0
55,49,300,3,56652671,9,6615040,,,,,5,1,1,1,1,1,1,1,1020,508,0,3,1,1020,508,0,5,1,992,480,0,8,1,960,448,0,28,1,976,464,0,38,1,1016,504,0,40,1,1020,511,0,41,1,476,479,0,77,1,508,511,0,78,1,476,479,0,,,3,0,1,1,,,,,,,,,,,,,,,,,,1,3
55,51,700,2,56652672,0,6615040,,,,,5,0,1,1,1,1,41,0,0,95,0,28,1,976,0,0,79,0,0,15,0,,,,,,,,,,,,,,,,,,,,,,,,,,,,,,,,,,,,,,3,1,0,0,0,0,,,,,,,,,,,,,,,,0,1
55,54,200,3,56652672,1,6615040,,,,,5,1,1,1,0,1,1,1,,,,41,0,,,,78,0,,,,,,,,,,,,,,,,,,,,,,,,,,,,,,,,,,,,,,,,,3,0,0,,,,,,,,,,,,,,,,,,,1,15
55,59,300,2,56652672,2,6615040,,,,,5,0,1,1,1,1,41,0,0,95,0,28,1,976,0,0,,,,,,,,,,,,,,,,,,,,,,,,,,,,,,,,,,,,,,,,,,,3,0,1,,,,,,,,,,,,,,,,,,,0,1
